ISO3166A2,ISO3166A3,ISO3166N3,FIPS104,Country,ISOen_proper,ISOen_ro_name,ISOen_ro_proper,UNGEGNen_name,UNGEGNen_longname,BGN_name,BGN_proper,BGN_longname,BGNlc_longname,BGNlc_name,PCGN_name,PCGN_proper,PCGN_longname,FAOit_name,FAOit_proper,FAOit_longname,EKI_longname,conabbr,HasCapital,BGN_capital,UNen_capital,BGNc_latitude,BGNc_longitude,UNc_latitude,UNc_longitude,continent,subcontinent,ISOregion,ISOsubregion,language,population,year,BGN_demonym,BGN_demomyn_adj,ITU,IVC,land,water,land_total,latitude,longitude,maxlatitude,minlatitude,maxlongitude,minlongitude,url_gov,url_stats,url_gis,url_post,,,,,,,,,,,,,,,,,
AF, AFG,4, AF, Afghanistan, Afghanistan, Afghanistan, Afghanistan, Afghanistan, the Islamic Republic of Afghanistan, Afghanistan, Afghanistan, Islamic Republic of Afghanistan, Afghanestan, Jomhuri-ye Eslami-ye Afghanestan, Afghanistan, Afghanistan, Islamic Republic of Afghanistan, Afghanistan, Afghanistan, la Repubblica islamica dell'Afghanistan, Afganistani Islamivabariik, ,1, Kabul, Kabul,34.51666667,69.18333333,34.49,69.17, AS, ,142,34," fa,ps",30419928,2012, Afghan(s), Afghan,93, AFG,652230, ,652230,33,65,38.48,29.38,74.88,60.48, president.gov.af, cso.gov.af, , afghanpost.gov.af/,,,,,,,,,,,,,,,,,
AL, ALB,8, AL, Albania, Albania, Albania, Albania, Albania, the Republic of Albania, Albania, Albania, Republic of Albania, Shqiperia, Republika e Shqiperise, Albania, Albania, Republic of Albania, Albania, Albania, Repubblica d'Albania, Albaania Vabariik, ,1, Tirana, Tirana,41.31666667,19.81666667,41.37,19.81, EU, ,150,39, sq,3002859,2012, Albanian(s), Albanian,355, AL,27398,1350,28748,41,20,42.65,39.65,21.06,19.26, e-albania.al, instat.gov.al, , icc-al.org,,,,,,,,,,,,,,,,,
DZ, DZA,12, AG, Algeria, Algeria, Algeria, Algeria, Algeria, the People's Democratic Republic of Algeria, Algeria, Algeria, People's Democratic Republic of Algeria, Al Jaza'ir, Al Jumhuriyah al Jaza'iriyah ad Dimuqratiyah ash Sha'biyah, Algeria, Algeria, People's Democratic Republic of Algeria, Algeria, Algeria, Repubblica algerina democratica e popolare, Alžeeria Demokraatlik Rahvavabariik, ,1, Algiers, Algiers,36.75,3.05,36.71,3.08, AF, ,2,15, ar,35406303,2012, Algerian(s), Algerian,213, DZ,2381741, ,2381741,28,3,37.09,18.96,12,-8.67, el-mouradia.dz, ons.dz, , ,,,,,,,,,,,,,,,,,
AD, AND,20, AN, Andorra, Andorra, Andorra, Andorra, Andorra, the Principality of Andorra, Andorra, Andorra, Principality of Andorra, Andorra, Principat d'Andorra, Andorra, Andorra, Principality of Andorra, Andorra, Andorra, Principato d'Andorra, Andorra Vürstiriik, ,1, Andorra la Vella, Andorra la Vella,42.5,1.516666667,42.47,1.59, EU, ,150,39, ca,85082,2012, Andorran(s), Andorran,376, AND,468, ,468,42.5,1.5,42.428,42.656,1.409,1.788, govern.ad, estadistica.ad, , laposte.fr,,,,,,,,,,,,,,,,,
AO, AGO,24, AO, Angola, Angola, Angola, Angola, Angola, the Republic of Angola, Angola, Angola, Republic of Angola, Angola, Republica de Angola, Angola, Angola, Republic of Angola, Angola, Angola, Repubblica d'Angola, Angola Vabariik, ,1, Luanda, Luanda,-8.833333333,13.23333333,-8.89,13.27, AF, ,2,17, pt,18056072,2012, Angolan(s), Angolan,244, ,1246700, ,1246700,-12.5,18.5,-4.37,-18.04,24.08,11.67, governo.gov.ao, , , ,,,,,,,,,,,,,,,,,
AG, ATG,28, AC, Antigua and Barbuda, Antigua and Barbuda, Antigua and Barbuda, Antigua and Barbuda, Antigua and Barbuda, Antigua and Barbuda, Antigua and Barbuda, Antigua and Barbuda, Antigua and Barbuda, Antigua and Barbuda, Antigua and Barbuda, Antigua and Barbuda, Antigua and Barbuda, Antigua and Barbuda, Antigua e Barbuda, Antigua e Barbuda, di Antigua e Barbuda, Antigua ja Barbuda, ,1, Saint John's, St. John's,17.11666667,-61.85,17.12,-61.8, NA, CA,19,29, en,89018,2012, Antiguan(s)/Barbudan(s), Antiguan/Barbudan,1, ,443, , ,17.05,-61.8,17.73,17,-61.67,-61.91, ab.gov.ag, ab.gov.ag/gov_v4, , ,,,,,,,,,,,,,,,,,
AR, ARG,32, AR, Argentina, Argentina, Argentina, Argentina, Argentina, the Argentine Republic, Argentina, Argentina, Argentine Republic, Argentina, Republica Argentina, Argentina, Argentina, Argentine Republic, Argentina, Argentina, Repubblica argentina, Argentina Vabariik, ,1, Buenos Aires, Buenos Aires,-34.6,-58.66666667,-34.58,-58.44, SA, ,19,5, es,42192494,2012, Argentine(s), Argentine,54, RA,2736690,43710,2780400,-34,-64,-21.78,-55.05,-53.59,-73.58, argentina.gov.ar, indec.mecon.ar, ign.gob.ar, correoargentino.com.ar,,,,,,,,,,,,,,,,,
AM, ARM,51, AM, Armenia, Armenia, Armenia, Armenia, Armenia, the Republic of Armenia, Armenia, Armenia, Republic of Armenia, Hayastani, Hayastani Hanrapetut'yun, Armenia, Armenia, Republic of Armenia, Armenia, Armenia, Repubblica d'Armenia, Armeenia Vabariik, ,1, Yerevan, Yerevan,40.16666667,44.5,40.18,44.47, AS, ,142,145, hy,2970495,2012, Armenian(s), Armenian,374, AM,28203,1540,29743,40,45,41.3,38.84,46.63,43.46, gov.am, armstat.am, , haypost.am,,,,,,,,,,,,,,,,,
AU, AUS,36, AS, Australia, Australia, Australia, Australia, Australia, Australia, Australia, Australia, Commonwealth of Australia, Australia, Commonwealth of Australia, Australia, Australia, Commonwealth of Australia, Australia, Australia, Australia, Austraalia, ,1, Canberra, Canberra,-35.28333333,149.2166667,-35.27,149.08, OC, ,9,53, en,22015576,2012, Australian(s), Australian,61, AUS,7682300,58920,7741220,-27,133,-9.23,-54.76,159.11,112.91, australia.gov.au, abs.gov.au, ga.gov.au, auspost.com.au,,,,,,,,,,,,,,,,,
AT, AUT,40, AU, Austria, Austria, Austria, Austria, Austria, the Republic of Austria, Austria, Austria, Republic of Austria, Oesterreich, Republik Oesterreich, Austria, Austria, Republic of Austria, Austria, Austria, Repubblica d'Austria, Austria Vabariik, ,1, Vienna, Vienna,48.2,16.36666667,48.24,16.43, EU, ,150,155, de,8219743,2012, Austrian(s), Austrian,43, A,82445,1426,83871,47.33333333,13.33333333,49.02,46.38,17.16,9.54, digitales.oesterreich.gv.at, statistik.at, , post.at,,,,,,,,,,,,,,,,,
AZ, AZE,31, AJ, Azerbaijan, Azerbaijan, Azerbaijan, Azerbaijan, Azerbaijan, the Republic of Azerbaijan, Azerbaijan, Azerbaijan, Republic of Azerbaijan, Azarbaycan, Azarbaycan Respublikasi, Azerbaijan, Azerbaijan, Republic of Azerbaijan, Azerbaigian, Azerbaigian, Repubblica dell'Azerbaigian, Aserbaidžaani Vabariik, ,1, Baku, Baku,40.38333333,49.86666667,40.41,49.95, AS, ,142,145, az,9493600,2012, Azerbaijani(s), Azerbaijani,994, ,82629,3971,86600,40.5,47.5,41.91,38.4,50.61,44.77, president.az, azeri.com/goscomstat, , azerpost.rabita.az,,,,,,,,,,,,,,,,,
BS, BHS,44, BF, Bahamas, Bahamas, Bahamas, Bahamas, Bahamas (the), the Commonwealth of the Bahamas," Bahamas, The", The Bahamas, Commonwealth of the Bahamas, The Bahamas, Commonwealth of the Bahamas," Bahamas, The", The Bahamas, Commonwealth of The Bahamas, Bahamas, Bahamas, Commonwealth delle Bahamas, Bahama Ühendus, ,1, Nassau, Nassau,25.08333333,-77.35, , , NA, CA,19,29, en,316182,2012, Bahamian(s), Bahamian,1, BS,10010,3870,13880,24.25,-76,27.03,20.91,-72.73,-79.31, bahamas.gov.bs, statistics.bahamas.gov.bs, , ,,,,,,,,,,,,,,,,,
BH, BHR,48, BA, Bahrain, Bahrain, Bahrain, Bahrain, Bahrain, The Kingdom of Bahrain, Bahrain, Bahrain, Kingdom of Bahrain, Al Bahrayn, Mamlakat al Bahrayn, Bahrain, Bahrain, Kingdom of Bahrain, Bahrein, Bahrein, Regno del Bahrein, Bahreini Kuningiik, ,1, Manama, Manama,26.23333333,50.56666667,26.19,50.5, AS, ME,142,145, ar,1248348,2012, Bahraini(s), Bahraini,973, BRN,760, ,760,26,50.55,26.307,25.79,50.82,50.377, bahrain.bh, cio.gov.bh, , transportation.gov.bh/en/modules.php?name,,,,,,,,,,,,,,,,,
BD, BGD,50, BQ, Bangladesh, Bangladesh, Bangladesh, Bangladesh, Bangladesh, the People's Republic of Bangladesh, Bangladesh, Bangladesh, People's Republic of Bangladesh, Bangladesh, Gana Prajatantri Bangladesh, Bangladesh, Bangladesh, People's Republic of Bangladesh, Bangladesh, Bangladesh, Repubblica popolare del Bangladesh, Bangladeshi Rahvavabariik, ,1, Dhaka, Dhaka,23.71666667,90.4,23.8,90.44, AS, ,142,34, bn,161083804,2012, Bangladeshi(s), Bangladeshi,880, BD,130168,13830,143998,24,90,26.63,20.59,92.67,88.03, bangladesh.gov.bd, bbs.gov.bd, , ,,,,,,,,,,,,,,,,,
BB, BRB,52, BB, Barbados, Barbados, Barbados, Barbados, Barbados, Barbados, Barbados, Barbados, Barbados, Barbados, Barbados, Barbados, Barbados, Barbados, Barbados, Barbados, Barbados, Barbados, ,1, Bridgetown, Bridgetown,13.1,-59.61666667,13.11,-59.58, NA, CA,19,29, en,287733,2012, Barbadian(s)/Bajan, Barbadian/Bajan,1, BDS,430, ,430,13.16666667,-59.53333333,13.34,13.05,-59.42,-59.65, barbados.gov.bb, barstats.gov.bb, , ,,,,,,,,,,,,,,,,,
BY, BLR,112, BO, Belarus, Belarus, Belarus, Belarus, Belarus, the Republic of Belarus, Belarus, Belarus, Republic of Belarus, Byelarus', Respublika Byelarus', Belarus, Belarus, Republic of Belarus, Bielorussia, Bielorussia, Repubblica di Bielorussia, Valgevene Vabariik, ,1, Minsk, Minsk,53.9,27.56666667,53.84,27.56, EU, ,150,151," be,ru",9542883,2012, Belarusian(s), Belarusian,375, SU,202900,4700,207600,53,28,56.16,51.26,32.77,23.17, belarus.by, belstat.gov.by, gki.gov.by/about/committee/departments/cartography, belpost.by,,,,,,,,,,,,,,,,,
BE, BEL,56, BE, Belgium, Belgium, Belgium, Belgium, Belgium, the Kingdom of Belgium, Belgium, Belgium, Kingdom of Belgium, Belgique[fr]/Koninkrijk Belgie[nl], Royaume de Belgique[fr]/Belgie[nl], Belgium, Belgium, Kingdom of Belgium, Belgio, Belgio, Regno del Belgio, Belgia Kuningriik, ,1, Brussels, Brussels,50.83333333,4.333333333,50.82,4.47, EU, ,150,155," nl,fr,de",10438353,2012, Belgian(s), Belgian,32, B,30278,250,30528,50.83333333,4,51.5,49.5,6.41,2.54, belgium.be, statbel.fgov.be, ngi.be, bpost.be,,,,,,,,,,,,,,,,,
BZ, BLZ,84, BH, Belize, Belize, Belize, Belize, Belize, Belize, Belize, Belize, Belize, Belize, Belize, Belize, Belize, Belize, Belize, Belize, Belize, Belize, ,1, Belmopan, Belmopan,17.25,-88.76666667,17.2,-88.7, NA, CA,19,13, en,327719,2012, Belizean(s), Belizean,501, BH,22806,160,22966,17.25,-88.75,18.49,15.89,-87.48,-89.22, belize.gov.bz, statisticsbelize.org.bz, , ,,,,,,,,,,,,,,,,,
BJ, BEN,204, BN, Benin, Benin, Benin, Benin, Benin, the Republic of Benin, Benin, Benin, Republic of Benin, Benin, Republique du Benin, Benin, Benin, Republic of Benin, Benin, Benin, Repubblica del Benin, Benini Vabariik, ,1, Porto-Novo, Porto-Novo,6.483333333,2.616666667,6.54,2.66, AF, ,2,11, fr,9598787,2012, Beninese, Beninese,229, DY,110622,2000,112622,9.5,2.25,12.42,6.23,3.85,0.77, gouv.bj, insae-bj.org, , ,,,,,,,,,,,,,,,,,
BT, BTN,64, BT, Bhutan, Bhutan, Bhutan, Bhutan, Bhutan, the Kingdom of Bhutan, Bhutan, Bhutan, Kingdom of Bhutan, Druk Yul, Druk Gyalkhap, Bhutan, Bhutan, Kingdom of Bhutan, Bhutan, Bhutan, Regno del Bhutan, Bhutani Kuningriik, ,1, Thimphu, Thimphu,27.48333333,89.6,27.48,89.54, AS, ,142,34, dz,716896,2012, Bhutanese, Bhutanese,975, ,38394, ,38394,27.5,90.5,28.33,26.71,92.13,88.77, bhutan.gov.bt, nsb.gov.bt, , bhutanpost.com.bt/,,,,,,,,,,,,,,,,,
BO, BOL,68, BL, Bolivia (Plurinational State of), Plurinational State of Bolivia," Bolivia, Plurinational State of", Plurinational State of Bolivia, Bolivia (Plurinational State of), Plurinational State of Bolivia (the), Bolivia, Bolivia, Plurinational State of Bolivia, Bolivia, Estado Plurinacional de Bolivia, Bolivia, Bolivia, Plurinational State of Bolivia, Bolivia (Stato plurinazionale della), Bolivia (Stato plurinazionale della), Stato plurinazionale della Bolivia, Boliivia Paljurahvuseline Riik, ,1, La Paz, La Paz,-16.5,-68.15,-16.48,-68.13, SA, ,19,5," es,qu,ay",10290003,2012, Bolivian(s), Bolivian,591, BOL,1083301,15280,1098581,-17,-65,-9.68,-22.9,-57.46,-69.64, presidencia.gob.bo, ine.gov.bo, , correosbolivia.com,,,,,,,,,,,,,,,,,
BA, BIH,70, BK, Bosnia and Herzegovina, Bosnia and Herzegovina, Bosnia and Herzegovina, Bosnia and Herzegovina, Bosnia and Herzegovina, Bosnia and Herzegovina, Bosnia and Herzegovina, Bosnia and Herzegovina, Bosnia and Herzegovina, Bosna i Hercegovina, Bosna i Hercegovina, Bosnia and Herzegovina, Bosnia and Herzegovina, Bosnia and Herzegovina, Bosnia-Erzegovina, Bosnia-Erzegovina, Bosnia-Erzegovina, Bosnia ja Hertsegoviina, ,1, Sarajevo, Sarajevo,43.86666667,18.41666667,43.83,18.5, EU, ,150,39," bs,hr",4622292,2012, Bosnian(s)/Herzegovinian(s), Bosnian/Herzegovinian,387, BIH,51187,10,51197,44,18,45.28,42.55,19.62,15.74, fbihvlada.gov.ba, bhas.ba, , ,,,,,,,,,,,,,,,,,
BW, BWA,72, BC, Botswana, Botswana, Botswana, Botswana, Botswana, the Republic of Botswana, Botswana, Botswana, Republic of Botswana, Botswana, Republic of Botswana, Botswana, Botswana, Republic of Botswana, Botswana, Botswana, Repubblica del Botswana, Botswana Vabariik, ,1, Gaborone, Gaborone,-24.75,25.91666667,-24.69,26.03, AF, ,2,18, en,2098018,2012, Motswana/Batswana(plural), Motswana/Batswana,267, RB,566730,15000,581730,-22,24,-17.78,-26.9,29.36,20, gov.bw, cso.gov.bw/cso, , botspost.co.bw,,,,,,,,,,,,,,,,,
BR, BRA,76, BR, Brazil, Brazil, Brazil, Brazil, Brazil, the Federative Republic of Brazil, Brazil, Brazil, Federative Republic of Brazil, Brasil, Republica Federativa do Brasil, Brazil, Brazil, Federative Republic of Brazil, Brasile, Brasile, Repubblica federativa del Brasile, Brasiilia Liitvabariik, ,1, Brasilia, Brasilia,-15.78333333,-47.91666667,-15.87,-47.93, SA, ,19,5, pt,205716890,2012, Brazilian(s), Brazilian,55, BR,8459417,55460,8514877,-10,-55,5.26,-33.74,-29.3,-73.99, brasil.gov.br, ibge.gov.br, , correios.com.br,,,,,,,,,,,,,,,,,
BN, BRN,96, BX, Brunei Darussalam, Brunei Darussalam, Brunei Darussalam, Brunei Darussalam, Brunei Darussalam, Brunei Darussalam, Brunei, Brunei, Brunei Darussalam, Brunei, Brunei Darussalam, Brunei, Brunei, Brunei Darussalam, Brunei, Brunei, Stato di Brunei Darussalam, Brunei Darussalami Riik, ,1, Bandar Seri Begawan, Bandar Seri Begawan,4.883333333,114.9333333,4.88,114.85, AS, ,142,35, ms,408786,2012, Bruneian(s), Bruneian,673, BRU,5265,500,5765,4.5,114.6666667,5.06,3.995,115.14,114.075, jpm.gov.bn, depd.gov.bn/statistic_data.html, survey.gov.bn, ,,,,,,,,,,,,,,,,,
BG, BGR,100, BU, Bulgaria, Bulgaria, Bulgaria, Bulgaria, Bulgaria, the Republic of Bulgaria, Bulgaria, Bulgaria, Republic of Bulgaria, Balgariya, Republika Balgariya, Bulgaria, Bulgaria, Republic of Bulgaria, Bulgaria, Bulgaria, Repubblica di Bulgaria, Bulgaaria Vabariik, ,1, Sofia, Sofia,42.68333333,23.31666667,42.66,23.34, EU, ,150,151, bg,7037935,2012, Bulgarian(s), Bulgarian,359, BG,108489,2390,110879,43,25,44.21,41.24,28.61,22.37, government.bg, nsi.bg, , bgpost.bg,,,,,,,,,,,,,,,,,
BF, BFA,854, UV, Burkina Faso, Burkina Faso, Burkina Faso, Burkina Faso, Burkina Faso, Burkina Faso, Burkina Faso, Burkina Faso, Burkina Faso, Burkina Faso, Burkina Faso, Burkina, Burkina Faso, Burkina Faso, Burkina Faso, Burkina Faso, Burkina Faso, Burkina Faso, ,1, Ouagadougou, Ouagadougou,12.36666667,-1.516666667,12.31,-1.55, AF, ,2,11, fr,17275115,2012, Burkinabe, Burkinabe,226, ,273800,400,274200,13,-2,15.08,9.41,2.4,-5.52, gouvernement.gov.bf, insd.bf, , ,,,,,,,,,,,,,,,,,
BI, BDI,108, BY, Burundi, Burundi, Burundi, Burundi, Burundi, the Republic of Burundi, Burundi, Burundi, Republic of Burundi, Burundi, Republique du Burundi[fr]/Republika y'u Burundi[rn], Burundi, Burundi, Republic of Burundi, Burundi, Burundi, Repubblica di Burundi, Burundi Vabariik, ,1, Bujumbura, Bujumbura,-3.366666667,29.35,-3.34,29.4, AF, ,2,14," rn,fr",10557259,2012, Burundian(s), Burundian,257, ,25680,2150,27830,-3.5,30,-2.31,-4.47,30.85,28.99, burundi-gov.bi, , , ,,,,,,,,,,,,,,,,,
KH, KHM,116, CB, Cambodia, Cambodia, Cambodia, Cambodia, Cambodia, the Kingdom of Cambodia, Cambodia, Cambodia, Kingdom of Cambodia, Kampuchea, Preahreacheanachakr Kampuchea, Cambodia, Cambodia, Kingdom of Cambodia, Cambogia, Cambogia, Regno di Cambogia, Kambodža Kuningriik, ,1, Phnom Penh, Phnom Penh,11.55,104.9166667,11.56,104.9, AS, ,142,35, km,14952665,2012, Cambodian(s), Cambodian,855, K,176515,4520,181035,13,105,14.69,9.91,107.62,102.35, embassyofcambodia.org/links.html, nis.gov.kh, , mptc.gov.kh,,,,,,,,,,,,,,,,,
CM, CMR,120, CM, Cameroon, Cameroon, Cameroon, Cameroon, Cameroon, the Republic of Cameroon, Cameroon, Cameroon, Republic of Cameroon, Cameroun[fr]/Cameroon[en], Republique du Cameroun/[fr]Republic of Cameroon[en], Cameroon, Cameroon, Republic of Cameroon, Camerun, Camerun, Repubblica del Camerun, Kameruni Vabariik, ,1, Yaounde, Yaoundé,3.866666667,11.51666667,3.89,11.55, AF, ,2,17," en,fr",20129878,2012, Cameroonian(s), Cameroonian,237, ,472710,2730,475440,6,12,13.07,1.65,16.19,8.49, spm.gov.cm, statistics-cameroon.org, , ,,,,,,,,,,,,,,,,,
CA, CAN,124, CA, Canada, Canada, Canada, Canada, Canada, Canada, Canada, Canada, Canada, Canada, Canada, Canada, Canada, Canada, Canada, Canada, Canada, Kanada, ,1, Ottawa, Ottawa,45.41666667,-75.7,45.38,-75.7, NA, ,19,21," en,fr",34300083,2012, Canadian(s), Canadian,1, CDN,9093507,891163,9984670,60,-95,83.21,41.71,-52.62,-141, canada.gc.ca, statcan.ca/start.html, nrcan.gc.ca, postescanada.ca,,,,,,,,,,,,,,,,,
CV, CPV,132, CV, Cape Verde, Cape Verde, Cape Verde, Cape Verde, Cape Verde, the Republic of Cape Verde, Cape Verde, Cape Verde, Republic of Cape Verde, Cabo Verde, Republica de Cabo Verde, Cape Verde, Cape Verde, Republic of Cape Verde, Capo Verde, Capo Verde, Repubblica del Capo Verde, Cabo Verde Vabariik, ,1, Praia, Praia,14.91666667,-23.51666667,14.95,-23.54, AF, ,2,11, pt,523568,2012, Cape Verdean(s), Cape Verdean,238, ,4033, ,4033,16,-24,17.21,14.8,-22.67,-25.37, governo.cv, ine.cv, , ,,,,,,,,,,,,,,,,,
CF, CAF,140, CT, Central African Republic, Central African Republic, Central African Republic, Central African Republic, Central African Republic (the), the Central African Republic, Central African Republic, Central African Republic, Central African Republic, Republique Centrafricaine, Republique Centrafricaine, Central African Republic, Central African Republic, Central African Republic, Repubblica centrafricana, Repubblica centrafricana, Repubblica centrafricana, Kesk-Aafrika Vabariik, ,1, Bangui, Bangui,4.366666667,18.58333333,4.37,18.56, AF, ,2,17, fr,5057208,2012, Central African(s), Central African,236, RCA,622984, ,622984,7,21,11.01,2.22,27.46,14.42, , stat-centrafrique.com, , ,,,,,,,,,,,,,,,,,
TD, TCD,148, CD, Chad, Chad, Chad, Chad, Chad, the Republic of Chad, Chad, Chad, Republic of Chad, Tshad, Republique du Tchad[fr]/Jumhuriyat Tshad[ar], Chad, Chad, Republic of Chad, Ciad, Ciad, Repubblica del Ciad, Tšaadi Vabariik, ,1, N'Djamena, N'Djamena,12.1,15.03333333,12.17,15.08, AF, ,2,17," fr,ar",10975648,2012, Chadian(s), Chadian,235, TCH,1284000, , ,15,19,23.45,7.45,24,13.47, primature-tchad.org, inseed-tchad.org, , ,,,,,,,,,,,,,,,,,
CL, CHL,152, CI, Chile, Chile, Chile, Chile, Chile, the Republica de Chile, Chile, Chile, Chile, Chile, Republica de Chile, Chile, Chile, Republic of Chile, Cile, Cile, Repubblica del Cile, Tšiili Vabariik, ,1, Santiago, Santiago,-33.45,-70.66666667,-33.4,-70.59, SA, ,19,5, es,17067369,2012, Chilean(s), Chilean,56, RCH,743812,12290,756102,-30,-71,-17.51,-55.98,-66.42,-109.46, gob.cl, ine.cl, , correos.cl,,,,,,,,,,,,,,,,,
CN, CHN,156, CH, China, China, China, China, China, the People's Republic of China, China, China, People's Republic of China, Zhongguo, Zhonghua Renmin Gongheguo, China, China, People's Republic of China, Cina, Cina, Repubblica popolare cinese, Hiina Rahvavabariik, ,1, Beijing, Beijing,39.91666667,116.3833333,39.92,116.33, AS, ,142,30, cmn,1343239923,2012, Chinese, Chinese,86, RC,9569901,27060,9596961,35,105,53.56,18.16,134.78,73.56, gov.cn, stats.gov.cn, cgn.ac.cn, ,,,,,,,,,,,,,,,,,
CO, COL,170, CO, Colombia, Colombia, Colombia, Colombia, Colombia, the Republic of Columbia, Colombia, Colombia, Republic of Columbia, Colombia, Republica de Colombia, Colombia, Colombia, Republic of Colombia, Colombia, Colombia, Repubblica di Colombia, Colombia Vabariik, ,1, Bogota, Santa Fe de Bogotá,4.6,-74.08333333,4.58,-74.09, SA, ,19,5, es,45239079,2012, Columbian(s), Columbian,57, CO,1038700,100210,1138910,4,-72,13.39,-4.23,-66.87,-81.73, gobiernoenlinea.gov.co, dane.gov.co, , adpostal.gov.co,,,,,,,,,,,,,,,,,
KM, COM,174, CN, Comoros, Comoros, Comoros, Comoros, Comoros (the), the Union of the Comoros (the), Comoros, Comoros, Union of the Comoros, Komori, Udzima wa Komori, Comoros, Comoros, Union of the Comoros, Isole Comore, Isole Comore, Unione delle Comore, Komoori Liit, ,1, Moroni, Moroni,-11.7,43.23333333,-11.75,43.31, AF, ,2,14," ar,fr",737284,2012, Comoran(s), Comoran,269, ,2235, ,2235,-12.16666667,44.25,-11.36,-12.42,44.54,43.22, ocomores.com, , , ,,,,,,,,,,,,,,,,,
CG, COG,178, CF, Congo, Congo, Congo, Congo, Congo (the), the Republic of the Congo, Congo, Congo, Republic of the Congo, Republique du Congo, Republique du Congo, Congo, Congo, Republic of the Congo, Congo, Congo, Repubblica del Congo, Kongo Vabariik, ,1, Brazzaville, Brazzaville,-4.25,15.28333333,-4.24,15.2, AF, ,2,17, fr,4125916,2010, Congolese, Congolese,242, RCB,341500,500,342000,-1,15,3.7,-5.03,18.65,11.21, congo-site.com, cnsee.org, , ,,,,,,,,,,,,,,,,,
CD, COD,180, CG, Congo (Democratic Republic of the), The Democratic Republic of the Congo," Congo, The Democratic Republic of the", The Democratic Republic of the Congo, Democratic Republic of the Congo (the), the Democratic Republic of The Congo, DRC, DRC, The Democratic Republic of the Congo, RDC, Republique Democratique du Congo," Congo, Democratic Republic", Democratic Republic Congo, The Democratic Republic of the Congo, Repubblica democratica del Congo, Repubblica democratica del Congo, Repubblica democratica del Congo, Kongo Demokraatlik Vabariik, DRC,1, Kinshasa, Kinshasa,-4.316666667,15.3,-1,15, AF, ,2,17, fr,73599190,2012, Congolese, Congolese or Congo,243, ZRE,2267048,77810,2344858,0.016666667,25,5.39,-13.46,31.31,12.2, , cnsee.org, , ,,,,,,,,,,,,,,,,,
CR, CRI,188, CS, Costa Rica, Costa Rica, Costa Rica, Costa Rica, Costa Rica, the Republic of Costa Rica, Costa Rica, Costa Rica, Republic of Costa Rica, Costa Rica, Republica de Costa Rica, Costa Rica, Costa Rica, Republic of Costa Rica, Costa Rica, Costa Rica, Repubblica di Costa Rica, Costa Rica Vabariik, ,1, San Jose, San José,9.933333333,-84.08333333,9.99,-84.04, NA, CA,19,13, es,4636348,2012, Costa Rican(s), Costa Rican,506, CR,51060,40,51100,10,-84,11.21,5.5,-82.56,-87.1, gobiernofacil.go.cr, inec.go.cr, , correos.go.cr,,,,,,,,,,,,,,,,,
CI, CIV,384, IV, Ivory Coast, Cote d'Ivoire, Côte d'Ivoire, Côte d'Ivoire, Côte d’Ivoire, the Republic of Cote d'Ivoire, Cote d'Ivoire, Cote d'Ivoire, Republic of Cote d'Ivoire, Cote d'Ivoire, Republique de Cote d'Ivoire, Ivory Coast, Ivory Coast, Republic of Cote d'Ivoire, Côte d'Ivoire, Côte d'Ivoire, Repubblica della Côte d'Ivoire, Côte d’Ivoire’i Vabariik, ,1, Yamoussoukro, Yamoussoukro,6.816666667,-5.283333333,6.82,-5.28, AF, ,2,11, fr,21952093,2012, Ivoirian(s), Ivoirian,255, CI,318003,4460,322463,8,-5,10.74,4.36,-2.49,-8.6, gouv.ci, ins.ci, , ,,,,,,,,,,,,,,,,,
HR, HRV,191, HR, Croatia, Croatia, Croatia, Croatia, Croatia, the Republic of Crotia, Croatia, Croatia, Republic of Crotia, Hrvatska, Republika Hrvatska, Croatia, Croatia, Republic of Croatia, Croazia, Croazia, Repubblica di Croazia, Horvaatia Vabariik, ,1, Zagreb, Zagreb,45.8,16,45.81,15.98, EU, ,150,39, hr,4480043,2012, Croat(s)/Croatian(s), Croatian,385, HR,55974,620,56594,45.16666667,15.5,46.53,42.39,19.44,13.49, vlada.hr, dzs.hr, , posta.hr,,,,,,,,,,,,,,,,,
CU, CUB,192, CU, Cuba, Cuba, Cuba, Cuba, Cuba, the Republic of Cuba, Cuba, Cuba, Republic of Cuba, Cuba, Republica de Cuba, Cuba, Cuba, Republic of Cuba, Cuba, Cuba, Repubblica di Cuba, Kuuba Vabariik, ,1, Havana, Havana,23.11666667,-82.35,23.05,-82.35, NA, CA,19,29, es,11075244,2012, Cuban(s), Cuba,53, CU,109820,1040,110860,21.5,-80,23.28,19.83,-74.14,-84.95, cubagob.cu, one.cu, , ,,,,,,,,,,,,,,,,,
CY, CYP,196, CY, Cyprus, Cyprus, Cyprus, Cyprus, Cyprus, the Republic of Cyprus, Cyprus, Cyprus, Republic of Cyprus, Kypriaki[el]/Kibris[tr], Kypriaki Dimokratia[el]/Kibris Cumhuriyeti[tr], Cyprus, Cyprus, Republic of Cyprus, Cipro, Cipro, Repubblica di Cipro, Küprose Vabariik, ,1, Nicosia, Nicosia,35.16666667,33.36666667,35.17,33.33, AS, ,142,145," el,tr",1138071,2012, Cypriot(s), Cypriot,357, CY,9241,10,9251,35,33,35.69,34.565,34.59,32.27, cyprus.gov.cy, mof.gov.cy/mof/cystat/statistics.nsf, , ,,,,,,,,,,,,,,,,,
CZ, CZE,203, EZ, Czech Republic, Czech Republic, Czech Republic, Czech Republic, Czech Republic (the), the Czech Republic, Czech Republic, Czech Republic, Czech Republic, Ceska, Ceska Republika, Czech Republic, Czech Republic, Czech Republic, Repubblica ceca, Repubblica ceca, Repubblica ceca, Tšehhi Vabariik, ,1, Prague, Prague,50.08333333,14.46666667,50.05,14.54, EU, ,150,151, cs,10177300,2012, Czech(s), Czech,420, CZ,77247,1620,78867,49.75,15.5,51.03,48.56,18.86,12.1, vlada.cz, czso.cz, vugtk.cz, cpost.cz,,,,,,,,,,,,,,,,,
DK, DNK,208, DA, Denmark, Denmark, Denmark, Denmark, Denmark, the Kingdom of Denmark, Denmark, Denmark, Kingdom of Denmark, Danmark, Kongeriget Danmark, Denmark, Denmark, Kingdom of Denmark, Danimarca, Danimarca, Regno di Danimarca, Taani Kuningriik, ,1, Copenhagen, Copenhagen,55.66666667,12.58333333,55.68,12.53, EU, ,150,154, da,5543453,2012, Dane(s), Danish,45, DK,42434,660,43094,56,10,57.74,54.56,15.16,8.07, denmark.dk, dst.dk, , postdanmark.dk,,,,,,,,,,,,,,,,,
DJ, DJI,262, DJ, Djibouti, Djibouti, Djibouti, Djibouti, Djibouti, the Republic of Djibouti, Djibouti, Djibouti, Republic of Djibouti, Djibouti[fr]/Jibuti[ar], Republique de Djibouti[fr]/Jumhuriyat Jibuti[ar], Djibouti, Djibouti, Republic of Djibouti, Gibuti, Gibuti, Repubblica di Gibuti, Djibouti Vabariik, ,1, Djibouti, Djibouti,11.58333333,43.15,11.54,43.14, AF, ,2,14," fr,ar",774389,2012, Djiboutian(s), Djiboutian,253, ,23180,20,23200,11.5,43,12.71,10.91,43.42,41.78, presidence.dj, ministere-finances.dj, , ,,,,,,,,,,,,,,,,,
DM, DMA,212, DO, Dominica, Dominica, Dominica, Dominica, Dominica, the Commonwealth of Dominica, Dominica, Dominica, Commonwealth of Dominica, Dominica, Commonwealth of Dominica, Dominica, Dominica, Commonwealth of Dominica, Dominica, Dominica, Commonwealth di Dominica, Dominica Ühendus, ,1, Roseau, Roseau,15.3,-61.4,15.28,-61.33, NA, CA,19,29, en,73126,2012, Dominican(s), Dominican,1, WD,751, ,751,15.41666667,-61.33333333,15.64,15.21,-61.24,-61.49, dominica.gov.dm, , , ,,,,,,,,,,,,,,,,,
DO, DOM,214, DR, Dominican Republic, Dominican Republic, Dominican Republic, Dominican Republic, Dominican Republic (the), the Dominican Republic," Dominican, The", The Dominican, Dominican Republic, La Dominican, Republica Dominicana, Dominican Republic, Dominican Republic, Dominican Republic, Repubblica dominicana, Repubblica dominicana, Repubblica dominicana, Dominikaani Vabariik, ,1, Santo Domingo, Santo Domingo,18.46666667,-69.9,18.43,-69.87, NA, CA,19,29, es,10088598,2012, Dominican(s), Dominican,1, DOM,48320,350,48670,19,-70.66666667,19.93,17.54,-68.33,-72.01, presidencia.gov.do, one.gob.do, , inposdom.gov.do,,,,,,,,,,,,,,,,,
EC, ECU,218, EC, Ecuador, Ecuador, Ecuador, Ecuador, Ecuador, the Republic of Ecuador, Ecuador, Ecuador, Republic of Ecuador, Ecuador, Republica del Ecuador, Ecuador, Ecuador, Republic of Ecuador, Ecuador, Ecuador, Repubblica dell'Ecuador, Ecuadori Vabariik, ,1, Quito, Quito,-0.216666667,-78.5,-0.21,-78.54, SA, ,19,5, es,15223680,2012, Ecuadorian(s), Ecuadorian,593, EC,276841,6720,283561,-2,-77.5,1.66,-5.01,-75.22,-92.01, presidencia.gov.ec, inec.gob.ec, , ,,,,,,,,,,,,,,,,,
EG, EGY,818, EG, Egypt, Egypt, Egypt, Egypt, Egypt, the Arab Republic of Egypt, Egypt, Egypt, Arab Republic of Egypt, Misr, Jumhuriyat Misr al-Arabiyah, Egypt, Egypt, Arab Republic of Egypt, Egitto, Egitto, Repubblica araba d'Egitto, Egiptuse Araabia Vabariik, ,1, Cairo, Cairo,30.05,31.25,30.09,31.3, AF, ME,142,15, ar,83688164,2012, Egyptian(s), Egyptian,20, ET,995450,6000,1001450,27,30,31.67,21.72,36.9,24.7, egypt.gov.eg, capmas.gov.eg, , egyptpost.org/ar/index.asp,,,,,,,,,,,,,,,,,
SV, SLV,222, ES, El Salvador, El Salvador, El Salvador, El Salvador, El Salvador, the Republic of El Salvador, El Salvador, El Salvador, Republic of El Salvador, El Salvador, Republica de El Salvador, El Salvador, El Salvador, Republic of El Salvador, El Salvador, El Salvador, Repubblica di El Salvador, El Salvadori Vabariik, ,1, San Salvador, San Salvador,13.7,-89.2,13.67,-89.24, NA, CA,19,13, es,6090646,2012, Salvadoran(s), Salvadoran,503, ES,20721,320,21041,13.83333333,-88.91666667,14.45,13.15,-87.69,-90.12, presidencia.gob.sv, minec.gob.sv, , ,,,,,,,,,,,,,,,,,
GQ, GNQ,226, EK, Equatorial Guinea, Equatorial Guinea, Equatorial Guinea, Equatorial Guinea, Equatorial Guinea, the Republic of Equatorial Guinea, Equatorial Guinea, Equatorial Guinea, Republic of Equatorial Guinea, Guinea Ecuatorial[es]/Guinee equatoriale[fr], Republica de Guinea Ecuatorial[es]/Republique de Guinee equatoriale[fr], Equatorial Guinea, Equatorial Guinea, Republic of Equatorial Guinea, Guinea equatoriale, Guinea equatoriale, Repubblica di Guinea equatoriale, Ekvatoriaal-Guinea Vabariik, ,1, Malabo, Malabo,3.75,8.783333333,3.72,8.79, AF, ,142,17," es,fr",685991,2012, Equatorial Guinean(s)/Equatoguinean(s), Equatorial Guinean/Equatoguinean,240, ,28051, ,28051,2,10,3.79,-1.46,11.34,5.6, guineaecuatorialpress.com, dgecnstat-ge.org, , ,,,,,,,,,,,,,,,,,
ER, ERI,232, ER, Eritrea, Eritrea, Eritrea, Eritrea, Eritrea, Eritrea, Eritrea, Eritrea, State of Eritrea, Ertra, Hagere Ertra, Eritrea, Eritrea, State of Eritrea, Eritrea, Eritrea, Stato d'Eritrea, Eritrea Riik, ,1, Asmara, Asmara,15.33333333,38.93333333,15.32,38.92, AF, ,142,14," ti,ar,en",6086495,2012, Eritrean(s), Eritrean,291, ER,101000,16600,117600,15,39,18.02,12.36,43.12,36.44, shabait.com, , , ,,,,,,,,,,,,,,,,,
EE, EST,233, EN, Estonia, Estonia, Estonia, Estonia, Estonia, the Republic of Estonia, Estonia, Estonia, Republic of Estonia, Eesti, Eesti Vabariik, Estonia, Estonia, Republic of Estonia, Estonia, Estonia, Repubblica di Estonia, Eesti Vabariik, ,1, Tallinn, Tallinn,59.43333333,24.71666667,59.43,24.75, EU, ,150,154, et,1274709,2012, Estonian(s), Estonian,372, EST,42388,2840,45228,59,26,59.68,57.51,28.21,21.81, valitsus.ee, stat.ee, geoportaal.maaamet.ee, post.ee,,,,,,,,,,,,,,,,,
ET, ETH,231, ET, Ethiopia, Ethiopia, Ethiopia, Ethiopia, Ethiopia, the Federal Democratic Republic of Ethiopia, Ethiopia, Ethiopia, Federal Democratic Republic of Ethiopia, Ityop'iya, Ityop'iya Federalawi Demokrasiyawi Ripeblik, Ethiopia, Ethiopia, Federal Democratic Republic of Ethiopia, Etiopia, Etiopia, Repubblica federale democratica di Etiopia, Etioopia Demokraatlik Liitvabariik, ,1, Addis Ababa, Addis Ababa,9.033333333,38.7,9.02,38.74, AF, ,2,14," am,en,ar,ti,om",93815992,2012, Ethiopian(s), Ethiopian,251, ,1000000,104300,1104300,8,38,14.9,3.41,47.98,32.99, , csa.gov.et, ema.gov.et, ,,,,,,,,,,,,,,,,,
FJ, FJI,242, FJ, Fiji, Fiji, Fiji, Fiji, Fiji, the Republic of Fiji, Fiji, Fiji, Republic of the Fiji Islands, Fiji(en)/Viti(fj), Republic of the Fiji Islands(en)/Matanitu ko Viti(fj), Fiji, Fiji, Republic of the Fiji Islands, Isole Figi, Isole Figi, Repubblica delle Isole Figi, Fidži Vabariik, ,1, Suva, Suva,-18.13333333,178.4166667,-18.12,178.49, OC, ,9,54," en,fj",890057,2012, Fijian(s), Fijian,679, FJI,18274, ,18274,-18,175,-12.46,-20.67,171,-180, fiji.gov.fj, statsfiji.gov.fj, , ,,,,,,,,,,,,,,,,,
FI, FIN,246, FI, Finland, Finland, Finland, Finland, Finland, the Republic of Finland, Finland, Finland, Republic of Finland, Suomi(fi)/Finland(sv), Suomen tasavalta(fi)/Republiken Finland(sv), Finland, Finland, Republic of Finland, Finlandia, Finlandia, Repubblica di Finlandia, Soome Vabariik, ,1, Helsinki, Helsinki,60.16666667,24.93333333,60.2,24.92, EU, ,150,154," fi,sv",5262930,2012, Finn(s), Finnish,358, FIN,303815,34330,338145,64,26,70.09,59.8,31.58,19.47, government.fi, stat.fi, maanmittauslaitos.fi, posti.fi,,,,,,,,,,,,,,,,,
FR, FRA,250, FR, France, France, France, France, France, the French Republic, France, France, French Republic, France, Republique Francaise, France, France, French Republic, Francia, Francia, Repubblica francese, Prantsuse Vabariik, ,1, Paris, Paris,48.86666667,2.333333333,48.81,2.48, EU, ,150,155, fr,65630692,2012, Frenchman(men)/Frenchwoman(women), French,33, F,640427,3374,643801,46,2,51.09,41.36,9.56,-5.14, gouvernement.fr, insee.fr, ign.fr, laposte.fr/sna,,,,,,,,,,,,,,,,,
GA, GAB,266, GB, Gabon, Gabon, Gabon, Gabon, Gabon, the Gabonese Republic, Gabon, Gabon, Gabonese Republic, Gabon, Republique Gabonaise, Gabon, Gabon, Gabonese Republic, Gabon, Gabon, Repubblica gabonese, Gaboni Vabariik, ,1, Libreville, Libreville,0.383333333,9.45,0.4,9.55, AF, ,2,17, fr,1608321,2012, Gabonese, Gabonese,237, G,257667,10000,267667,-1,11.75,2.32,-3.98,14.5,8.7, legabon.org, stat-gabon.org, , ,,,,,,,,,,,,,,,,,
GM, GMB,270, GA, Gambia, Gambia, Gambia, Gambia, Gambia (the), the Republic of The Gambia," Gambia, The", The Gambia, Republic of the Gambia, The Gambia, Republic of The Gambia," Gambia, The", The Gambia, Republic of The Gambia, Gambia, Gambia, Repubblica della Gambia, Gambia Vabariik, ,1, Banjul, Banjul,13.45,-16.56666667,13.41,-16.62, AF, ,2,11, en,1840454,2012, Gambian(s), Gambian,220, WAG,10000,1295,11295,13.46666667,-16.56666667,13.83,13.06,-13.8,-16.82, gambia.gm, gambia.gm/Statistics, , ,,,,,,,,,,,,,,,,,
GE, GEO,268, GG, Georgia, Georgia, Georgia, Georgia, Georgia, Georgia, Georgia, Georgia, Georgia, Sak'art'velo, Sak'art'velo, Georgia, Georgia, Georgia, Georgia, Georgia, Georgia, Gruusia, ,1, T'bilisi, T'bilisi,41.71666667,44.78333333,41.68,44.8, AS, ,142,145, ka,4570934,2012, Georgian(s), Georgian,995, GE,69700, ,69700,42,43.5,43.58,41.04,46.72,40.01, georgia.gov.ge, statistics.ge, , ,,,,,,,,,,,,,,,,,
DE, DEU,276, GM, Germany, Germany, Germany, Germany, Germany, the Federal Republic of Germany, Germany, Germany, Federal Republic of Germany, Deutschland, Bundesrepublik Deutschland, Germany, Germany, Federal Republic of Germany, Germania, Germania, Repubblica federale di Germania, Saksamaa Liitvabariik, ,1, Berlin, Berlin,52.51666667,13.4,52.47,13.62, EU, ,150,155, de,81305856,2012, German(s), German,49, D,348672,8350,357022,51,9,55.05,47.27,15.03,5.87, , destatis.de, , postdirekt.de,,,,,,,,,,,,,,,,,
GH, GHA,288, GH, Ghana, Ghana, Ghana, Ghana, Ghana, the Republic of Ghana, Ghana, Ghana, Republic of Ghana, Ghana, Republic of Ghana, Ghana, Ghana, Republic of Ghana, Ghana, Ghana, Repubblica del Ghana, Ghana Vabariik, ,1, Accra, Accra,5.55,-0.216666667,5.57,-0.25, AF, ,2,11, en,25241998,2012, Ghanaian(s), Ghanaian,233, GH,227533,11000,238533,8,-2,11.18,4.74,1.19,-3.25, ghana.gov.gh, statsghana.gov.gh, , ,,,,,,,,,,,,,,,,,
GR, GRC,300, GR, Greece, Greece, Greece, Greece, Greece, the Hellenic Republic, Greece, Greece, Hellenic Republic, Ellas/Ellada, Elliniki Dhimokratia, Greece, Greece, Hellenic Republic, Grecia, Grecia, Repubblica ellenica, Kreeka Vabariik, ,1, Athens, Athens,37.98333333,23.73333333,37.99,23.69, EU, ,150,39, el,10767827,2012, Greek(s), Greek,30, GR,130647,1310,131957,39,22,41.74,34.8,29.6,19.38, , statistics.gr, , elta-net.gr,,,,,,,,,,,,,,,,,
GD, GRD,308, GJ, Grenada, Grenada, Grenada, Grenada, Grenada, Grenada, Grenada, Grenada, Grenada, Grenada, Grenada, Grenada, Grenada, Grenada, Grenada, Grenada, Grenada, Grenada, ,1, Saint George's, St George's,12.05,-61.75,12.08,-61.7, NA, CA,19,29, en,109011,2012, Grenadian(s), Grenadian,1, WG,344, ,344,12.11666667,-61.66666667,12.52,11.98,-61.38,-61.81, gov.gd, , , ,,,,,,,,,,,,,,,,,
GT, GTM,320, GT, Guatemala, Guatemala, Guatemala, Guatemala, Guatemala, the Republic of Guatemala, Guatemala, Guatemala, Republic of Guatemala, Guatemala, Republica de Guatemala, Guatemala, Guatemala, Republic of Guatemala, Guatemala, Guatemala, Repubblica del Guatemala, Guatemala Vabariik, ,1, Guatemala City, Guatemala City,14.61666667,-90.51666667,14.62,-90.55, NA, ,19,13," es,myn",14099032,2012, Guatemalan(s), Guatemalan,502, GCA,107159,1730,108889,15.5,-90.25,17.82,13.74,-88.23,-92.23, guatemala.gob.gt, ine.gob.gt, , elcorreo.com.gt/elcorreo/index.php,,,,,,,,,,,,,,,,,
GN, GIN,324, GV, Guinea, Guinea, Guinea, Guinea, Guinea, the Republic of Guinea, Guinea, Guinea, Republic of Guinea, Guinee, Republique de Guinee, Guinea, Guinea, Republic of Guinea, Guinea, Guinea, Repubblica di Guinea, Guinea Vabariik, ,1, Conakry, Conakry,9.55,-13.7,9.52,-13.67, AF, ,2,11, fr,10884958,2012, Guinean(s), Guinean,224, RG,245717,140,245857,11,-10,12.67,7.2,-7.64,-15.08, , stat-guinee.org, , ,,,,,,,,,,,,,,,,,
GW, GNB,624, PU, Guinea-Bissau, Guinea-Bissau, Guinea-Bissau, Guinea-Bissau, Guine-Bissau, the Republic of Guinea-Bissau, Guinea-Bissau, Guinea-Bissau, Republic of Guinea-Bissau, Guine-Bissau, Republica da Guine-Bissau, Guinea-Bissau, Guinea-Bissau, Republic of Guinea-Bissau, Guinea-Bissau, Guinea-Bissau, Repubblica di Guinea-Bissau, Guinea-Bissau Vabariik, ,1, Bissau, Bissau,11.85,-15.58333333,11.89,-15.62, AF, ,2,11, pt,1628603,2012, Guinean(s), Guinean,245, ,28120,8005,36125,12,-15,12.67,10.92,-13.64,-16.67, , stat-guinebissau.com, , ,,,,,,,,,,,,,,,,,
GY, GUY,328, GY, Guyana, Guyana, Guyana, Guyana, Guyana, the Republic of Guyana, Guyana, Guyana, Cooperative Republic of Guyana, Guyana, Cooperative Republic of Guyana, Guyana, Guyana, Co-operative Republic of Guyana, Guyana, Guyana, Repubblica della Guyana, Guyana Vabariik, ,1, Georgetown, Georgetown,6.8,-58.16666667,6.78,-58.12, SA, ,19,5, en,741908,2012, Guyanese, Guyanese,592, GUY,196849,18120,214969,5,-59,8.55,1.18,-56.48,-61.39, gina.gov.gy, statisticsguyana.gov.gy, , ,,,,,,,,,,,,,,,,,
HT, HTI,332, HA, Haiti, Haiti, Haiti, Haiti, Haiti, the Republic of Haiti, Haiti, Haiti, Republic of Haiti, Haiti[fr]/Atiyi[ht], Republique d'Haiti[fr]/Repiblik d'Ayiti[ht], Haiti, Haiti, Republic of Haiti, Haiti, Haiti, Repubblica di Haiti, Haiti Vabariik, ,1, Port-au-Prince, Port-au-Prince,18.53333333,-72.33333333,18.52,-72.28, NA, CA,19,29," fr,ht",9801664,2012, Haitian(s), Haitian,509, RH,27560,190,27750,19,-72.41666667,20.09,18.02,-71.61,-74.48, gov.ht, ihsi.ht, , ,,,,,,,,,,,,,,,,,
HN, HND,340, HO, Honduras, Honduras, Honduras, Honduras, Honduras, the Republic of Honduras, Honduras, Honduras, Republic of Honduras, Honduras, Republica de Honduras, Honduras, Honduras, Republic of Honduras, Honduras, Honduras, Repubblica di Honduras, Hondurase Vabariik, ,1, Tegucigalpa, Tegucigalpa,14.1,-87.21666667,14.03,-87.2, NA, CA,19,29, es,8296693,2012, Honduran(s), Honduran,504, ,111890,200,112090,15,-86.5,16.51,12.98,-83.15,-89.35, gob.hn, ine-hn.org, , ,,,,,,,,,,,,,,,,,
HK, HKG,344, HK," Hong Kong, China (SAR)", Hong Kong, Hong Kong, Hong Kong, , , Hong Kong, Hong Kong, Hong Kong Special Administrative Region China, Xianggang, Xianggang Tebie Xingzhengqu, , , , , , , ," China, Hong Kong SAR",0, , ,0,0, , , AS, ,142,30," yue,en",7153519,2012, Chinese/Hong Konger, Chinese/Hong Kong,852, ,1054,50,1104,22.25,114.1666667,22.557,22.15,114.407,113.83, gov.hk, info.gov.hk/censtadt, , hongkongpost.com,,,,,,,,,,,,,,,,,
HU, HUN,348, HU, Hungary, Hungary, Hungary, Hungary, Hungary, the Republic of Hungary, Hungary, Hungary, Republic of Hungary, Magyarorszag, Magyar Koztarsasag, Hungary, Hungary, Republic of Hungary, Ungheria, Ungheria, Repubblica di Ungheria, Ungari Vabariik, ,1, Budapest, Budapest,47.5,19.08333333,47.45,19.14, EU, ,150,151, hu,9958453,2012, Hungarian(s), Hungarian,36, H,89608,3420,93028,47,20,48.58,45.75,22.89,16.12, kormany.hu, ksh.hu, , posta.hu,,,,,,,,,,,,,,,,,
IS, ISL,352, IC, Iceland, Iceland, Iceland, Iceland, Island, the Republic of Iceland, Iceland, Iceland, Republic of Iceland, Island, Lydveldid Island, Iceland, Iceland, Republic of Iceland, Islanda, Islanda, Repubblica d'Islanda, Islandi Vabariik, ,1, Reykjavik, Reykjavik,64.15,-21.95,64.08,-21.88, EU, ,150,154, is,313183,2012, Icelander(s), Icelandic,354, IS,100250,2750,103000,65,-18,66.57,63.39,-13.49,-24.53, government.is, statice.is, , postur.is,,,,,,,,,,,,,,,,,
IN, IND,356, IN, India, India, India, India, India, the Republic of India, India, India, Republic of India, Bharat, Bharatiya Ganarajya, India, India, Republic of India, India, India, Repubblica dell'India, India Vabariik, ,1, New Delhi, New Delhi,28.6,77.2,28.66,77.13, AS, ,142,34," hi,en",1205073612,2012, Indian(s), Indian,91, IND,2973193,314070,3287263,20,77,35.99,6.75,97.4,68.17, india.gov.in, mospi.nic.in, , indiapost.org,,,,,,,,,,,,,,,,,
ID, IDN,360, ID, Indonesia, Indonesia, Indonesia, Indonesia, Indonesia, the Republic of Indonesia, Indonesia, Indonesia, Republic of Indonesia, Indonesia, Republik Indonesia, Indonesia, Indonesia, Republic of Indonesia, Indonesia, Indonesia, Repubblica di Indonesia, Indoneesia Vabariik, ,1, Jakarta, Jakarta,-6.166666667,106.8166667,-6.18,106.77, AS, ,142,35, ms,248216193,2012, Indonesian(s), Indonesian,62, RI,1811569,93000,1904569,-5,120,5.91,-10.99,141.03,95.01, indonesia.go.id, bps.go.id, bakosurtanal.go.id, posindonesia.co.id,,,,,,,,,,,,,,,,,
IR, IRN,364, IR, Iran (Islamic Republic of), Islamic Republic of Iran," Iran, Islamic Republic of", Islamic Republic of Iran, Iran (Islamic Republic of), the Islamic Republic of Iran, Iran, Iran, Islamic Republic of Iran, Iran, Jomhuri-ye Eslami-ye Iran, Iran, Iran, Islamic Republic of Iran, Iran, Iran, Repubblica islamica dell'Iran, Iraani Islamivabariik, ,1, Tehran, Tehran,35.66666667,51.41666667,35.67,51.39, AS, ME,142,34, fa,78868711,2012, Iranian(s), Iranian,98, IR,1531595,116600,1648195,32,53,39.78,25.06,63.32,44.04, , sci.org.ir, , irpost.com,,,,,,,,,,,,,,,,,
IQ, IRQ,368, IZ, Iraq, Iraq, Iraq, Iraq, Iraq, the Republic of Iraq, Iraq, Iraq, Republic of Iraq, Al Iraq, Jumhuriyat al-Iraq, Iraq, Iraq, Republic of Iraq, Iraq, Iraq, Repubblica dell'Iraq, Iraagi Vabariik, ,1, Baghdad, Baghdad,33.33333333,44.38333333,33.37,44.37, AS, ME,142,145, ar,31129225,2012, Iraqi(s), Iraqi,964, IRQ,437367,950,438317,33,44,37.38,29.07,48.58,38.8, , cosit.gov.iq, , ,,,,,,,,,,,,,,,,,
IE, IRL,372, EI, Ireland, Ireland, Ireland, Ireland, Ireland, Ireland, Ireland, Ireland, Ireland, Ireland, Ireland, Ireland, Ireland, Ireland, Irlanda, Irlanda, Irlanda, Iirimaa, ,1, Dublin, Dublin,53.31666667,-6.233333333,53.44,-6.21, EU, ,150,154," en,ga,gd",4722028,2012, Irishman(men)/Irishwoman(women)/Irish, Irish,353, IRL,68883,1390,70273,53,-8,55.38,51.42,-5.99,-10.58, gov.ie, cso.ie, logainm.ie, anpost.ie,,,,,,,,,,,,,,,,,
IL, ISR,376, IS, Israel, Israel, Israel, Israel, Israel, the State of Israel, Israel, Israel, State of Israel, Yisra'el, Medinat Yisra'el, Israel, Israel, State of Israel, Israele, Israele, Stato d'Israele, Iisraeli Riik, ,1, Jerusalem, Jerusalem,31.76666667,35.23333333,31.23,34.78, AS, ME,142,145, he,7590758,2012, Israeli(s), Israeli,972, IL,20330,440,20770,31.5,34.75,33.28,29.49,35.68,34.25, gov.il, cbs.gov.il, , israelpost.co.il,,,,,,,,,,,,,,,,,
IT, ITA,380, IT, Italy, Italy, Italy, Italy, Italy, the Italian Republic, Italy, Italy, Italian Republic, Italia, Repubblica Italiana, Italy, Italy, Italian Republic, Italia, Italia, Repubblica italiana, Itaalia Vabariik, ,1, Rome, Rome,41.9,12.48333333,41.9,12.56, EU, ,150,39, it,61261254,2012, Italian(s), Italian,39, I,294140,7200,301340,42.83333333,12.83333333,47.09,35.49,18.52,6.62, governo.it, stat.it, igmi.org, poste.it,,,,,,,,,,,,,,,,,
JM, JAM,388, JM, Jamaica, Jamaica, Jamaica, Jamaica, Jamaica, Jamaica, Jamaica, Jamaica, Jamaica, Jamaica, Jamaica, Jamaica, Jamaica, Jamaica, Giamaica, Giamaica, Giamaica, Jamaica, ,1, Kingston, Kingston,18,-76.8,17.99,-76.74, NA, CA,19,29, en,2889187,2012, Jamaican(s), Jamaican,1, JA,10831,160,10991,18.25,-77.5,18.53,17.71,-76.19,-78.37, jamaica.gov.jm, statinja.gov.jm, , ,,,,,,,,,,,,,,,,,
JP, JPN,392, JA, Japan, Japan, Japan, Japan, Japan, Japan, Japan, Japan, Japan, Nihon/Nippon, Nihon-koku/Nippon-koku, Japan, Japan, Japan, Giappone, Giappone, Giappone, Jaapan, ,1, Tokyo, Tokyo,35.68333333,139.75,35.68,139.68, AS, ,142,30, ja,127368088,2012, Japanese, Japanese,81, J,364485,13430,377915,36,138,45.52,24.04,146.02,122.93, , stat.go.jp, gsi.go.jp, post.japanpost.jp,,,,,,,,,,,,,,,,,
JO, JOR,400, JO, Jordan, Jordan, Jordan, Jordan, Jordan, the Hashemite Kingdom of Jordan, Jordan, Jordan, Hashemite Kingdom of Jordan, Al Urdun, Al Mamlakah al Urduniyah al Hashimiyah, Jordan, Jordan, Hashemite Kingdom of Jordan, Giordania, Giordania, Regno hascemita di Giordania, Jordaania Hašimiidi Kuningriik, ,1, Amman, Amman,31.95,35.93333333,31.9,35.98, AS, ME,142,145, ar,6508887,2012, Jordanian(s), Jordanian,962, HKJ,88802,540,89342,31,36,33.36,29.18,39.31,34.96, jordan.gov.jo, dos.gov.jo, , ,,,,,,,,,,,,,,,,,
KZ, KAZ,398, KZ, Kazakhstan, Kazakhstan, Kazakhstan, Kazakhstan, Kazakhstan, the Republic of Kazakhstan, Kazakhstan, Kazakhstan, Republic of Kazakhstan, Qazaqstan, Qazaqstan Respublikasy, Kazakhstan, Kazakhstan, Republic of Kazakhstan, Kazakistan, Kazakistan, Repubblica del Kazakistan, Kasahstani Vabariik, ,1, Astana, Astana,51.16666667,71.41666667,51.17,71.34, AS, ,142,143," ru,kk",17522010,2012, Kazakhstani(s), Kazakhstani,7, KZ,2699700,25200,2724900,48,68,55.43,40.55,87.31,46.49, government.kz, stat.kz, , kazpost.kz,,,,,,,,,,,,,,,,,
KE, KEN,404, KE, Kenya, Kenya, Kenya, Kenya, Kenya, the Republic of Kenya, Kenya, Kenya, Republic of Kenya, Kenya, Republic of Kenya[en]/Jamhuri ya Kenya[sw], Kenya, Kenya, Republic of Kenya, Kenya, Kenya, Repubblica del Kenya, Kenya Vabariik, ,1, Nairobi, Nairobi,-1.283333333,36.81666667,-1.25,36.89, AF, ,2,14," en,sw",43013341,2012, Kenyan(s), Kenyan,254, EAK,569140,11227,580367,1,38,4.63,-4.68,41.9,33.9, kenya.go.ke, knbs.or.ke, , posta.co.ke,,,,,,,,,,,,,,,,,
KI, KIR,296, KR, Kiribati, Kiribati, Kiribati, Kiribati, Kiribati, the Republic of Kiribati, Kiribati, Kiribati, Republic of Kiribati, Kiribati, Republic of Kiribati, Kiribati, Kiribati, Republic of Kiribati, Kiribati, Kiribati, Repubblica di Kiribati, Kiribati Vabariik, ,1, Tarawa, Bairiki,1.316666667,172.9666667,1.31,173.02, OC, ,9,57, en,101998,2012, I-Kiribati, I-Kiribati,686, ,811, ,811,1.416666667,173,4.72,-11.45,176.85,-174.55, kiribati.gov.ki, spc.int/prism/Country/KI/Stats, , ,,,,,,,,,,,,,,,,,
KR, KOR,410, KS," Korea, Republic of", Republic of Korea," Korea, Republic of", Republic of Korea, Republic of Korea (the), the Republic of Korea, South Korea," Korea, South", Republic of Korea, Han'guk, Taehan-min'guk," Korea, South", South Korea, Republic of Korea, Repubblica di Corea, Repubblica di Corea, Repubblica di Corea, Korea Vabariik, ,1, Seoul, Seoul,37.55,126.9833333, , , AS, ,142,30, ko,48860500,2012, Korean(s), Korean,82, ROK,96920,2800,99720,37,127.5,38.61,33.2,130.93,125.08, korea.go.kr, nso.go.kr, ngii.go.kr, ,,,,,,,,,,,,,,,,,
KW, KWT,414, KU, Kuwait, Kuwait, Kuwait, Kuwait, Kuwait, the State of Kuwait, Kuwait, Kuwait, State of Kuwait, Al Kuwayt, Dawlat al Kuwayt, Kuwait, Kuwait, State of Kuwait, Kuwait, Kuwait, Stato del Kuwait, Kuveidi Riik, ,1, Kuwait City, Kuwait City,29.36666667,47.96666667,29.31,47.96, AS, ME,142,145, ar,2646314,2012, Kuwaiti(s), Kuwaiti,965, KWT,17818, ,17818,29.366667,47.966667,30.09,28.52,48.43,46.55, da.gov.kw, cso.gov.kw, , ,,,,,,,,,,,,,,,,,
KG, KGZ,417, KG, Kyrgyzstan, Kyrgyzstan, Kyrgyzstan, Kyrgyzstan, Kyrgyzstan, the Kyrgyz Republic, Kyrgyzstan, Kyrgyzstan, Kyrgyz Republic, Kyrgyzstan, Kyrgyz Respublikasy, Kyrgyzstan, Kyrgyzstan, Kyrgyz Republic, Kirghizistan, Kirghizistan, Repubblica di Kirghizistan, Kirgiisi Vabariik, ,1, Bishkek, Bishkek,42.86666667,74.6,42.79,74.58, AS, ,142,143," ky,ru",5496737,2012, Kyrgyzstani(s), Kyrgyzstani,996, KS,191801,8150,199951,41,75,43.24,39.17,80.27,69.28, gov.kg, stat.kg, , posta.kg,,,,,,,,,,,,,,,,,
LA, LAO,418, LA, Lao People's Democratic Republic, Lao People's Democratic Republic, Lao People's Democratic Republic, Lao People's Democratic Republic, Lao People's Democratic Republic (the), the Lao People's Democratic Republic, Laos, Laos, Lao People's Democratic Republic, Pathet Lao, Paxathipatai Paxaxon Lao, Laos, Laos, Lao People's Democratic Republic, Repubbica democratica popolare lao, Repubbica democratica popolare lao, Repubbica democratica popolare lao, Laose Demokraatlik Rahvavabariik, ,1, Vientiane, Vientiane,17.96666667,102.6,18.02,102.64, AS, ,142,35, lo,6586266,2012, Lao(s)/Laotian(s), Lao/Laotian,856, LAO,230800,6000,236800,18,105,22.51,13.91,107.7,100.1, laopdr.gov.la, nsc.gov.la, , ,,,,,,,,,,,,,,,,,
LV, LVA,428, LG, Latvia, Latvia, Latvia, Latvia, Latvia, the Republic of Latvia, Latvia, Latvia, Republic of Latvia, Latvija, Latvijas Republika, Latvia, Latvia, Republic of Latvia, Lettonia, Lettonia, Repubblica di Lettonia, Läti Vabariik, ,1, Riga, Riga,56.95,24.1,56.99,24, EU, ,150,154, lv,2191580,2012, Latvian(s), Latvian,371, LV,62249,2340,64589,57,25,58.08,55.67,28.24,20.97, li.lv, csb.gov.lv, lgia.gov.lv, pasts.lv,,,,,,,,,,,,,,,,,
LB, LBN,422, LE, Lebanon, Lebanon, Lebanon, Lebanon, Lebanon, the Lebanese Republic, Lebanon, Lebanon, Lebanese Republic, Lubnan, Al Jumhuriyah al Lubnaniyah, Lebanon, Lebanon, Lebanese Republic, Libano, Libano, Repubblica libanese, Liibanoni Vabariik, ,1, Beirut, Beirut,33.86666667,35.5,33.8,35.52, AS, ME,142,145, ar,4140289,2012, Lebanese, Lebanese,961, RL,10230,170,10400,33.83333333,35.83333333,34.68,33.05,36.64,35.11, informs.gov.lb, cas.gov.lb, , ,,,,,,,,,,,,,,,,,
LS, LSO,426, LT, Lesotho, Lesotho, Lesotho, Lesotho, Lesotho, the Kingdom of Lesotho, Lesotho, Lesotho, Kingdom of Lesotho, Lesotho, Kingdom of Lesotho, Lesotho, Lesotho, Kingdom of Lesotho, Lesotho, Lesotho, Regno di Lesotho, Lesotho Kuningriik, ,1, Maseru, Maseru,-29.31666667,27.48333333,-29.32,27.54, AF, ,2,18, en,1930493,2012, Mosotho(singular)/Basotho(plural), Basotho,266, LS,30355, ,30355,-29.5,28.5,-28.57,-30.67,29.46,27.03, gov.ls, bos.gov.ls, , lps.org.ls,,,,,,,,,,,,,,,,,
LR, LBR,430, LI, Liberia, Liberia, Liberia, Liberia, Liberia, the Republic of Liberia, Liberia, Liberia, Republic of Liberia, Liberia, Republic of Liberia, Liberia, Liberia, Republic of Liberia, Liberia, Liberia, Repubblica di Liberia, Libeeria Vabariik, ,1, Monrovia, Monrovia,6.3,-10.8,6.27,-10.7, AF, ,2,11, en,3887886,2012, Liberian(s), Liberian,231, LB,96320,15049,111369,6.5,-9.5,8.55,4.35,-7.37,-11.52, emansion.gov.lr, lisgis.org, , ,,,,,,,,,,,,,,,,,
LY, LBY,434, LY, Libya, Libyan Arab Jamahiriya, Libyan Arab Jamahiriya, Libyan Arab Jamahiriya, Libyan Arab Jamahiriya (the), the Socialist People's Libyan Arab Jamahiriya, Libya, Libya, Great Socialist People's Libyan Arab Jamahiriya, Al Jamahiriyah al Arabiyah al Libiyah ash Shabiyah al Ishtirakiy, Al Jamahiriyah al Arabiyah al Libiyah ash Shabiyah al Ishtirakiy, Libya, Libya, Great Socialist People's Libyan Arab Jamahiriya, Libia, Libia, Gran Giamahiria araba libica popolare socialista, Liibüa, ,1, Tripoli, Tripoli,32.88333333,13.16666667,32.85,13.19, AF, ,2,15, ar,6733620,2012, Libyan(s), Libyan,218, LAR,1759540, ,1759540,25,17,33.17,19.51,25.15,9.38, , , , ,,,,,,,,,,,,,,,,,
LI, LIE,438, LS, Liechtenstein, Liechtenstein, Liechtenstein, Liechtenstein, Liechtenstein, the Principality of Liechtenstein, Liechtenstein, Liechtenstein, Principality of Liechtenstein, Liechtenstein, Fuerstentum Liechtenstein, Liechtenstein, Liechtenstein, Principality of Liechtenstein, Liechtenstein, Liechtenstein, Principato del Liechtenstein, Liechtensteini Vürstiriik, ,1, Vaduz, Vaduz,47.13333333,9.516666667,47.14,9.52, EU, ,150,155, de,36713,2012, Liechtensteiner(s), Liechtensteiner,423, FL,160, ,160,47.26666667,9.533333333,47.27,47.048,9.635,9.471, liechtenstein.li, llv.li, , poste.ch,,,,,,,,,,,,,,,,,
LT, LTU,440, LH, Lithuania, Lithuania, Lithuania, Lithuania, Lithuania, the Republic of Lithuania, Lithuania, Lithuania, Republic of Lithuania, Lietuva, Lietuvos Respublika, Lithuania, Lithuania, Republic of Lithuania, Lituania, Lituania, Repubblica di Lituania, Leedu Vabariik, ,1, Vilnius, Vilnius,54.68333333,25.31666667,54.68,25.27, EU, ,150,154, lt,3525761,2012, Lithuanian(s), Lithuanian,370, LT,62680,2620,65300,56,24,56.44,53.9,26.87,20.95, lrvk.lt, stat.gov.lt, , post.lt,,,,,,,,,,,,,,,,,
LU, LUX,442, LU, Luxembourg, Luxembourg, Luxembourg, Luxembourg, Luxembourg, the Grand Duche de Luxembourg, Luxembourg, Luxembourg, Grand Duchy of Luxembourg, Luxembourg, Grand Duche de Luxembourg, Luxembourg, Luxembourg, Grand Duchy of Luxembourg, Lussemburgo, Lussemburgo, Granducato di Lussemburgo, Luksemburgi Suurhertsogiriik, ,1, Luxembourg, Luxembourg,49.6,6.116666667,49.59,6.14, EU, ,150,155," lb,de,fr",509074,2012, Luxembourger(s), Luxembourg,352, L,2586, ,2586,49.75,6.166666667,50.18,49.45,6.53,5.73, gouvernement.lu, statistiques.public.lu, , ,,,,,,,,,,,,,,,,,
MG, MDG,450, MA, Madagascar, Madagascar, Madagascar, Madagascar, Madagascar, the Republic of Madagascar, Madagascar, Madagascar, Republic of Madagascar, Madagascar[fr]/Madagasikara[mg], Republique de Madagascar[fr]/Repoblikan'i Madagasikara[mg], Madagascar, Madagascar, Republic of Madagascar, Madagascar, Madagascar, Repubblica del Madagascar, Madagaskari Vabariik, ,1, Antananarivo, Antananarivo,-18.91666667,47.51666667,-18.9,47.53, AF, ,2,14," fr,mg",22585517,2012, , ,261, RM,581540,5501,587041,-20,47,-11.95,-25.61,50.48,43.18, madagascar.gov.mg, instat.mg, ftm.mg, ,,,,,,,,,,,,,,,,,
MW, MWI,454, MI, Malawi, Malawi, Malawi, Malawi, Malawi, the Republic of Malawi, Malawi, Malawi, Republic of Malawi, Malawi, Dziko la Malawi, Malawi, Malawi, Republic of Malawi, Malawi, Malawi, Repubblica del Malawi, Malawi Vabariik, ,1, Lilongwe, Lilongwe,-13.98333333,33.78333333,-13.99,33.77, AF, ,2,14, ny,16323044,2012, Malawian(s), Malawian,265, MW,94080,24404,118484,-13.5,34,-9.37,-17.12,35.9,32.67, malawi.gov.mw, nso.malawi.net, , malawiposts.com,,,,,,,,,,,,,,,,,
MY, MYS,458, MY, Malaysia, Malaysia, Malaysia, Malaysia, Malaysia, Malaysia, Malaysia, Malaysia, Malaysia, Malaysia, Malaysia, Malaysia, Malaysia, Malaysia, Malesia, Malesia, Malesia, Malaisia, ,1, Kuala Lumpur, Kuala Lumpur,3.166666667,101.7,3.07,101.66, AS, ,142,35, zsm,29179952,2012, Malaysian(s), Malaysian,60, MAL,328657,1190,329847,2.5,112.5,7.36,0.86,119.27,99.64, malaysia.gov.my, statistics.gov.my, , pos.com.my,,,,,,,,,,,,,,,,,
MV, MDV,462, MV, Maldives, Maldives, Maldives, Maldives, Maldives, the Republic of Maldives, Maldives, Maldives, Republic of Maldives, Dhivehi Raajje, Dhivehi Raajjeyge Jumhooriyyaa, Maldives, Maldives, Republic of Maldives, Repubblica delle Maldive, Repubblica delle Maldive, Repubblica delle Maldive, Maldiivi Vabariik, ,1, Male, Male',4.166666667,73.5,4.14,73.46, AS, ,142,34, dv,394451,2012, Maldivian(s), Maldivian,960, ,298, ,298,3.25,73,6.93,-0.7,73.58,73.08, maldivesinfo.gov.mv, planning.gov.mv, , maldivespost.com,,,,,,,,,,,,,,,,,
ML, MLI,466, ML, Mali, Mali, Mali, Mali, Mali, the Republic of Mali, Mali, Mali, Republic of Mali, Mali, Republique de Mali, Mali, Mali, Republic of Mali, Mali, Mali, Repubblica del Mali, Mali Vabariik, ,1, Bamako, Bamako,12.65,-8,12.65,-8.03, AF, ,2,11, fr,14533511,2012, Malian(s), Malian,223, RMM,1220190,20002,1240192,17,-4,25,10.16,4.24,-12.24, primature.gov.ml, instat.gov.ml, , ,,,,,,,,,,,,,,,,,
MT, MLT,470, MT, Malta, Malta, Malta, Malta, Malta, the Republic of Malta, Malta, Malta, Republic of Malta, Malta, Repubblika ta' Malta, Malta, Malta, Republic of Malta, Malta, Malta, Repubblica di Malta, Malta Vabariik, ,1, Valletta, Valletta,35.88333333,14.5,35.92,14.5, EU, ,150,39," mt,en",409836,2012, Maltese, Maltese,356, M,316, ,316,35.83333333,14.58333333,36.08,35.81,14.57,14.18, gov.mt, nso.gov.mt, , maltapost.com,,,,,,,,,,,,,,,,,
MR, MRT,478, MR, Mauritania, Mauritania, Mauritania, Mauritania, Mauritania, the Islamic Republic of Mauritania, Mauritania, Mauritania, Islamic Republic of Mauritania, Muritaniyah, Al Jumhuriyah al Islamiyah al Muritaniyah, Mauritania, Mauritania, Islamic Republic of Mauritania, Mauritania, Mauritania, Repubblica islamica di Mauritania, Mauritaania Islamivabariik, ,1, Nouakchott, Nouakchott,18.11666667,-16.03333333,18.06,-15.95, AF, ,2,11, ar,3359185,2012, Mauritanian(s), Mauritanian,222, RIM,1030700, ,1030700,20,-12,27.3,14.72,-4.82,-17.07, mauritania.mr, gov.mr, , ,,,,,,,,,,,,,,,,,
MU, MUS,480, MP, Mauritius, Mauritius, Mauritius, Mauritius, Mauritius, The Republic of Mauritius, Mauritius, Mauritius, Republic of Mauritius, Mauritius, Republic of Mauritius, Mauritius, Mauritius, Republic of Mauritius, Maurizio, Maurizio, Repubblica di Maurizio, Mauritiuse Vabariik, ,1, Port Louis, Port Louis,-20.15,57.48333333,-20.14,57.51, AF, ,2,14, en,1313095,2012, Mauritian(s), Mauritian,230, MS,2030,10,2040,-20.28333333,57.55,-10.33,-20.53,63.5,56.57, gov.mu, gov.mu/portal/site/cso, , ,,,,,,,,,,,,,,,,,
MX, MEX,484, MX, Mexico, Mexico, Mexico, Mexico, Mexico, the United Mexican States, Mexico, Mexico, United Mexican States, México, Estados Unidos Mexicanos, Mexico, Mexico, United Mexican States, Messico, Messico, Stati Uniti messicani, Mehhiko Ühendriigid, ,1, Mexico City, Mexico City,19.43333333,-99.13333333,19.41,-99.17, NA, ,19,13, es,114975406,2012, Mexican(s), Mexican,52, MEX,1943945,20430,1964375,23,-102,32.72,14.54,-86.71,-118.37, gob.mx, inegi.gov.mx, , correosdemexico.gob.mx,,,,,,,,,,,,,,,,,
FM, FSM,583, FM, Micronesia (Federated States of), Federated States of Micronesia," Micronesia, Federated States of", Federated States of Micronesia, Micronesia (Federated States of), the Federated States of Micronesia," Micronesia, Federated States of", Federated States of Micronesia, Federated States of Micronesia, Federated States of Micronesia, Federated States of Micronesia, Micronesia, Micronesia, Federated States of Micronesia, Micronesia (Stati federati di), Micronesia (Stati federati di), Stati federati di Micronesia, Mikroneesia Liiduriigid, ,1, Palikir, Palikir,6.916666667,158.15,6.92,158.15, OC, ,9,57, en,106487,2012, Micronesian(s)/Chuukese/Kosraen(s)/Pohnpeian(s)/Yapese, Micronesian/Chuukese/Kosraen/Pohnpeian/Yapese,691, ,702, ,702,6.916666667,158.25,9.78,5.26,163.04,138.06, fsmgov.org, spc.int/prism/country/fm/stats, , usps.com,,,,,,,,,,,,,,,,,
MD, MDA,498, MD, Moldova (Republic of), Republic of Moldova," Moldova, Republic of", Republic of Moldova, Republic of Moldova (the), the Republic of Moldova, Moldova, Moldova, Republic of Moldova, Moldova, Republica Moldova, Moldova, Moldova, Republic of Moldova, Moldavia, Moldavia, Repubblica di Moldova, Moldova Vabariik, ,1, Chisinau, Chisinau,47,28.85, , , EU, ,150,151, ro,3656843,2012, Moldovan(s), Moldovan,373, MD,32891,960,33851,47,29,48.49,45.46,30.16,26.62, moldova.md, statistica.md, , ,,,,,,,,,,,,,,,,,
MN, MNG,496, MG, Mongolia, Mongolia, Mongolia, Mongolia, Mongolia, Mongolia, Mongolia, Mongolia, Mongolia, Mongol Uls, Mongol Uls, Mongolia, Mongolia, Mongolia, Mongolia, Mongolia, Mongolia, Mongoolia, ,1, Ulaanbaatar, Ulaanbaatar,47.91666667,106.9166667,48.03,106.95, AS, ,142,30, mn,3179997,2012, Mongolian(s), Mongolian,976, MGL,1553556,10560,1564116,46,105,52.15,41.57,119.92,87.69, pmis.gov.mn, nso.mn, , ,,,,,,,,,,,,,,,,,
ME, MNE,499, MJ, Montenegro, Montenegro, Montenegro, Montenegro, Montenegro, Montenegro, Montenegro, Montenegro, Montenegro, Crna Gora, Crna Gora, Montenegro, Montenegro, Montenegro, Montenegro (la), Montenegro, la Montenegro, Montenegro, ,1, Podgorica, Podgorica,42.43333333,19.26666667,42.36,19.25, EU, ,150,39, sla,657394,2012, , ,382, MNE,13452,360,13812,42.5,19.3,43.555,41.842,20.354,18.448, gov.me, monstat.org/cg, , posta.cg.yu/eng/post.php,,,,,,,,,,,,,,,,,
MA, MAR,504, MO, Morocco, Morocco, Morocco, Morocco, Morocco, the Kingdom of Morocco, Morocco, Morocco, Kingdom of Morocco, Al Maghrib, Al Mamlakah al Maghribiyah, Morocco, Morocco, Kingdom of Morocco, Marocco, Marocco, Regno del Marocco, Maroko Kuningriik, ,1, Rabat, Rabat,34.01666667,-6.816666667,33.95,-6.86, AF, ,2,15, ar,32309239,2012, Moroccan(s), Moroccan,212, MA,446300,250,446550,32,-5,35.92,27.66,-0.99,-13.18, maroc.ma, hcp.ma, , codepostal.ma,,,,,,,,,,,,,,,,,
MZ, MOZ,508, MZ, Mozambique, Mozambique, Mozambique, Mozambique, Mozambique, the Republic of Mozambique, Mozambique, Mozambique, Republic of Mozambique, Mocambique, Republica de Mocambique, Mozambique, Mozambique, Republic of Mozambique, Mozambico, Mozambico, Repubblica del Mozambico, Mosambiigi Vabariik, ,1, Maputo, Maputo,-25.95,32.58333333,-25.89,32.6, AF, ,2,14, pt,23515934,2012, Mozambican(s), Mozambican,258, MOC,786380,13000,799380,-18.25,35,-10.48,-26.87,40.85,30.22, mozambique.mz, ine.gov.mz, , correios.co.mz,,,,,,,,,,,,,,,,,
MM, MMR,104, BM, Myanmar, Myanmar, Myanmar, Myanmar, Myanmar, the Republic of the Union of Myanmar, Burma, Burma, Union of Burma, Myanma Naingngandaw, Pyidaungzu Myanma Naingngandaw, Burma, Burma, Republic of the Union of Myanmar, Myanmar, Myanmar, Repubblica dell'Unione di Myanmar, Myanmari Liidu Vabariik, ,1, Rangoon, Nay Pyi Taw,16.8,96.15,19.75,96.1, AS, ,142,35, my,54584650,2012, Burmese, Burmese,95, BUR,653508,23070,676578,22,98,28.54,9.6,101.17,92.2, mnped.gov.mm, mnped.gov.mm/myanmarstatisties.asp, , ,,,,,,,,,,,,,,,,,
NA, NAM,516, WA, Namibia, Namibia, Namibia, Namibia, Namibia, the Republic of Namibia, Namibia, Namibia, Republic of Namibia, Namibia, Republic of Namibia, Namibia, Namibia, Republic of Namibia, Namibia, Namibia, Repubblica di Namibia, Namiibia Vabariik, ,1, Windhoek, Windhoek,-22.56666667,17.08333333,-22.61,17.05, AF, ,2,18, en,2165828,2012, Namibian(s), Namibian,264, N,823290,1002,824292,-22,17,-16.96,-28.96,25.26,11.73, grnnet.gov.na, npc.gov.na/cbs, , ,,,,,,,,,,,,,,,,,
NP, NPL,524, NP, Nepal, Nepal, Nepal, Nepal, Nepal, the Federal Democratic Republic of Nepal, Nepal, Nepal, Federal Democratic Republic of Nepal, Nepal, Sanghiya Loktantrik Ganatantra Nepal, Nepal, Nepal, Federal Democratic Republic of Nepal, Nepal, Nepal, Repubblica Democratica Federale di Nepal, Nepali Demokraatlik Liitvabariik, ,1, Kathmandu, Kathmandu,27.71666667,85.31666667,27.72,85.32, AS, ,142,34, ne,29890686,2012, Nepalese, Nepalese,977, NEP,143351,3830,147181,28,84,30.43,26.36,88.2,80.06, nepalgov.gov.np, cbs.gov.np, , ,,,,,,,,,,,,,,,,,
NL, NLD,528, NL, Netherlands, Netherlands, Netherlands, Netherlands, Netherlands (the), the Kingdom of the Netherlands, Netherlands, Netherlands, Kingdom of the Netherlands, Nederlan, Koninkrijk der Nederlanden, Netherlands, Netherlands, Kingdom of the Netherlands, Paesi Bassi, Paesi Bassi, Regno dei Paesi Bassi, Madalmaade Kuningriik/Hollandi Kuningriik, ,1, Amsterdam, Amsterdam,52.38333333,4.9,52.41,4.89, EU, ,150,155," nl,fr",16730632,2012, Dutchman(men)/Dutchwoman(women), Dutch,31, NL,33893,7650,41543,52.5,5.75,53.55,12.03,7.22,-70.06, government.nl, cbs.nl, , tnt.post.nl or www.cendris.nl,,,,,,,,,,,,,,,,,
NZ, NZL,554, NZ, New Zealand, New Zealand, New Zealand, New Zealand, New Zealand, New Zealand, New Zealand, New Zealand, New Zealand, New Zealand, New Zealand, New Zealand, New Zealand, New Zealand, Nuova Zelanda, Nuova Zelanda, Nuova Zelanda, Uus-Meremaa, ,1, Wellington, Wellington,-41.46666667,174.85,-41.27,174.71, OC, ,9,53," en,rar,nzs",4327944,2012, New Zealander(s), New Zealand,64, NZ,267710, ,267710,-41,174,-29.24,-52.61,166,178.84, newzealand.govt.nz, stats.govt.nz, linz.govt.nz, nzpost.co.nz,,,,,,,,,,,,,,,,,
NI, NIC,558, NU, Nicaragua, Nicaragua, Nicaragua, Nicaragua, Nicaragua, the Republic of Nicaragua, Nicaragua, Nicaragua, Republic of Nicaragua, Nicaragua, Republica de Nicaragua, Nicaragua, Nicaragua, Republic of Nicaragua, Nicaragua, Nicaragua, Repubblica di Nicaragua, Nicaragua Vabariik, ,1, Managua, Managua,12.15,-86.28333333,12.13,-86.27, NA, CA,19,13, es,5727707,2012, Nicaraguan(s), Nicaraguan,505, NIC,119990,10380,130370,13,-85,15.03,10.71,-82.73,-87.69, presidencia.gob.ni, inide.gob.ni, , correos.com.ni,,,,,,,,,,,,,,,,,
NE, NER,562, NG, Niger, Niger, Niger, Niger, Niger (the), the Republic of the Niger, Niger, Niger, Republic of the Niger, Niger, Republique du Niger, Niger, Niger, Republic of Niger, Niger, Niger, Repubblica del Niger, Nigeri Vabariik, ,1, Niamey, Niamey,13.51666667,2.116666667,13.53,2.17, AF, ,2,11, fr,17078839,2012, Nigerien(s), Nigerien,227, RN,1267000, , ,16,8,23.53,11.7,16,0.17, presidence.ne, ins.ne, , ,,,,,,,,,,,,,,,,,
NG, NGA,566, NI, Nigeria, Nigeria, Nigeria, Nigeria, Nigeria, the Federal Republic of Nigeria, Nigeria, Nigeria, Federal Republic of Nigeria, Nigeria, Federal Republic of Nigeria, Nigeria, Nigeria, Federal Republic of Nigeria, Nigeria, Nigeria, Repubblica federale della Nigeria, Nigeeria Liitvabariik, ,1, Abuja, Abuja,9.083333333,7.533333333,9.21,7.17, AF, ,2,11, en,170123740,2012, Nigerian(s), Nigerian,234, WAN,910768,13000,923768,10,8,13.89,4.28,14.68,2.66, nigeria.gov.ng, nigerianstat.gov.ng, , nigpost.com,,,,,,,,,,,,,,,,,
NO, NOR,578, NO, Norway, Norway, Norway, Norway, Norway, the Kingdom of Norway, Norway, Norway, Kingdom of Norway, Norge, Kongeriket Norge, Norway, Norway, Kingdom of Norway, Norvegia, Norvegia, Regno di Norvegia, Norra Kuningriik, ,1, Oslo, Oslo,59.91666667,10.75,59.91,10.84, EU, ,150,154," nn,nb",4707270,2012, Norwegian(s), Norwegian,47, N,304282,19520,323802,62,10,80.75,57.97,33.63,4.64, norge.no, ssb.no, , posten.no,,,,,,,,,,,,,,,,,
PS, PSE,275, ," Palestine, State of", Occupied Palestinian Territory, Occupied Palestinian Territory, Occupied Palestinian Territory, , , Gaza Strip and West Bank, Gaza Strip and West Bank, Gaza Strip and West Bank, Qita' Ghazzah, Qita' Ghazzah, , , , , , , , ,1, East Jerusalem, ,0,0, , , AS, ME,142,145," ar,en,he",4199083,2010, Palestinian(s), Palestinian,970, ,5640,220,5860,32,35.25,0,0,0,0, pnic.gov.ps, pcbs.gov.ps, , ,,,,,,,,,,,,,,,,,
OM, OMN,512, MU, Oman, Oman, Oman, Oman, Oman, the Sultanate of Oman, Oman, Oman, Sultanate of Oman, Uman, Saltanat Uman, Oman, Oman, Sultanate of Oman, Oman, Oman, Sultanato dell'Oman, Omaani Sultaniriik, ,1, Muscat, Muscat,23.61666667,58.58333333,23.5,58.57, AS, ME,142,145, ar,3090150,2012, Omani(s), Omani,968, ,309500, ,309500,21,57,26.39,16.65,59.84,52, omanet.om, omancensus.net, , comm.gov.om,,,,,,,,,,,,,,,,,
PK, PAK,586, PK, Pakistan, Pakistan, Pakistan, Pakistan, Pakistan, the Islamic Republic of Pakistan, Pakistan, Pakistan, Islamic Republic of Pakistan, Pakistan, Jamhuryat Islami Pakistan, Pakistan, Pakistan, Islamic Republic of Pakistan, Pakistan, Pakistan, Repubblica islamica del Pakistan, Pakistani Islamivabariik, ,1, Islamabad, Islamabad,33.7,73.16666667,33.7,73.01, AS, ,142,34," ur,en",190291129,2012, Pakistani(s), Pakistani,92, PK,770875,25220,796095,30,70,37.09,23.69,77.84,60.88, pakistan.gov.pk, statpak.gov.pk, , pakpost.gov.pk,,,,,,,,,,,,,,,,,
PW, PLW,585, PS, Palau, Palau, Palau, Palau, Palau, the Republic of Palau, Palau, Palau, Republic of Palau, Belau, Beluu er a Belau, Palau, Palau, Republic of Palau, Palau, Palau, Repubblica di Palau, Belau Vabariik, ,1, Melekeok, Koror,7.483333333,134.6333333,7.33,134.48, OC, ,9,57, pau,21032,2012, Palauan(s), Palauan,680, ,459, ,459,7.5,134.5,7.73,6.88,134.65,134.13, palaugov.net, palaugov.net/stats, , usps.com,,,,,,,,,,,,,,,,,
PA, PAN,591, PM, Panama, Panama, Panama, Panama, Panama, the Republic of Panama, Panama, Panama, Republic of Panama, Panama, Republica de Panama, Panama, Panama, Republic of Panama, Panama, Panama, Repubblica del Panama, Panama Vabariik, ,1, Panama City, Panama City,8.966666667,-79.53333333,9.06,-79.44, NA, CA,19,29, es,3510045,2012, Panamanian(s), Panamanian,507, PA,74340,1080,75420,9,-80,9.63,7.2,-77.17,-83.05, presidencia.gob.pa, contraloria.gob.pa, , correos.gob.pa,,,,,,,,,,,,,,,,,
PG, PNG,598, PP, Papua New Guinea, Papua New Guinea, Papua New Guinea, Papua New Guinea, Papua New Guinea, Papua New Guinea, Papua New Guinea, Papua New Guinea, Independent State of Papua New Guinea, Papuaniugini, Papuaniugini, Papua New Guinea, Papua New Guinea, Independent State of Papua New Guinea, Papua Nuova Guinea, Papua Nuova Guinea, Stato indipendente di Papua Nuova Guinea, Paapua Uus-Guinea Iseseisvusriik, ,1, Port Moresby, Port Moresby,-9.5,147.1666667,-9.45,147.2, OC, ,9,54," tpi,en,ho",6310129,2012, Papua New Guinean(s), Papua New Guinean,675, PNG,452860,9980,462840,-6,147,-1.13,-11.66,159.49,140.87, pm.gov.pg, spc.int/prism/country/pg/stats, , ,,,,,,,,,,,,,,,,,
PY, PRY,600, PA, Paraguay, Paraguay, Paraguay, Paraguay, Paraguay, the Republic of Paraguay, Paraguay, Paraguay, Republic of Paraguay, Paraguay, Republica del Paraguay, Paraguay, Paraguay, Republic of Paraguay, Paraguay, Paraguay, Repubblica del Paraguay, Paraguay Vabariik, ,1, Asuncion, Asunción,-25.26666667,-57.66666667,-25.28,-57.51, SA, ,19,5," es,gn",6541591,2012, Paraguayan(s), Paraguayan,595, PY,397302,9450,406752,-23,-58,-19.34,-27.61,-54.26,-62.65, presidencia.gov.py, dgeec.gov.py, , ,,,,,,,,,,,,,,,,,
PE, PER,604, PE, Peru, Peru, Peru, Peru, Peru, the Republic of Peru, Peru, Peru, Republic of Peru, Peru, Republica del Peru, Peru, Peru, Republic of Peru, Perù, Perù, Repubblica del Perù, Peruu Vabariik, ,1, Lima, Lima,-12.05,-77.05,-12.07,-77.01, SA, ,19,5," es,qu",29549517,2012, Peruvian(s), Peruvian,51, PE,1279996,5220,1285216,-10,-76,-0.03,-18.38,-68.68,-81.33, peru.gob.pe, inei.gob.pe, ign.gob.pe, serpost.com.pe,,,,,,,,,,,,,,,,,
PH, PHL,608, RP, Philippines, Philippines, Philippines, Philippines, Philippines (the), the Republic of the Philippines, Philippines, Philippines, Republic of the Philippines, Pilipinas, Republika ng Pilipinas, Philippines, Philippines, Republic of the Philippines, Filippine, Filippine, Repubblica delle Filippine, Filipiini Vabariik, ,1, Manila, Manila,14.58333333,121,14.62,121, AS, ,142,35," fil,en",103775002,2012, Filipino(s), Philippine,63, RP,298170,1830,300000,13,122,20.84,4.65,126.6,116.93, gov.ph, census.gov.ph, , ,,,,,,,,,,,,,,,,,
PL, POL,616, PL, Poland, Poland, Poland, Poland, Poland, the Republic of Poland, Poland, Poland, Poland, Polska, Rzeczpospolita Polska, Poland, Poland, Republic of Poland, Polonia, Polonia, Repubblica di Polonia, Poola Vabariik, ,1, Warsaw, Warsaw,52.25,21,52.28,21.08, EU, ,150,151, pl,38415284,2012, Pole(s), Polish,48, PL,304255,8430,312685,52,20,54.84,49.04,24.15,14.12, poland.gov.pl, stat.gov.pl, ksng.gugik.gov.pl, poczta-polska.pl,,,,,,,,,,,,,,,,,
PT, PRT,620, PO, Portugal, Portugal, Portugal, Portugal, Portugal, the Portuguese Republic, Portugal, Portugal, Portuguese Republic, Portugal, Republica Portuguesa, Portugal, Portugal, Portuguese Republic, Portogallo, Portogallo, Repubblica portoghese, Portugali Vabariik, ,1, Lisbon, Lisbon,38.71666667,-9.133333333,38.76,-9.17, EU, ,150,39," pt,mwl",10781459,2012, Portuguese, Portuguese,351, P,91470,620,92090,39.5,-8,42.14,30.14,-6.19,-31.27, portugal.gov.pt, ine.pt, igeo.pt, ctt.pt,,,,,,,,,,,,,,,,,
QA, QAT,634, QA, Qatar, Qatar, Qatar, Qatar, Qatar, the State of Qatar, Qatar, Qatar, State of Qatar, Qatar, Dawlat Qatar, Qatar, Qatar, State of Qatar, Qatar, Qatar, Stato del Qatar, Katari Riik, ,1, Doha, Doha,25.28333333,51.53333333,25.22,51.5, AS, ME,142,145, ar,1951591,2012, Qatari(s), Qatari,974, Q,11586, ,11586,25.5,51.25,26.16,24.47,51.63,50.75, gov.qa, gsdp.gov.qa, gisqatar.org.qa, qpost.com.qa,,,,,,,,,,,,,,,,,
RO, ROU,642, RO, Romania, Romania, Romania, Romania, Romania, Romania, Romania, Romania, Romania, Romania, Romania, Romania, Romania, Romania, Romania, Romania, Romania, Rumeenia, ,1, Bucharest, Bucharest,44.43333333,26.1,44.46,26.11, EU, ,150,151, ro,21848504,2012, Romanian(s), Romanian,40, RO,229891,8500,238391,46,25,48.27,43.6,29.69,20.25, gov.ro, insse.ro, , posta-romana.ro,,,,,,,,,,,,,,,,,
RU, RUS,643, RS, Russian Federation, Russian Federation, Russian Federation, Russian Federation, Russian Federation (the), the Russian Federation, Russia, Russia, Russian Federation, Rossiya, Rossiyskaya Federatsiya, Russia, Russia, Russian Federation, Russia, Russia, Federazione russa, Venemaa Föderatsioon, ,1, Moscow, Moscow,55.75,37.58333333,55.78,37.49, EU, ,150,151, ru,138082178,2012, Russian(s), Russian,7, RUS,16377742,720500,17098242,60,100,81.86,41.19,27.9,-170, government.ru, gks.ru, , russianpost.ru,,,,,,,,,,,,,,,,,
RW, RWA,646, RW, Rwanda, Rwanda, Rwanda, Rwanda, Rwanda, the Republic of Rwanda, Rwanda, Rwanda, Republic of Rwanda, Rwanda, Republika y'u Rwanda, Rwanda, Rwanda, Republic of Rwanda, Ruanda, Ruanda, Repubblica del Ruanda, Rwanda Vabariik, ,1, Kigali, Kigali,-1.95,30.06666667,-1.96,30.09, AF, ,2,14," rw,fr,en",11689696,2012, Rwandan(s), Rwandan,250, RWA,24668,1670,26338,-2,30,-1.05,-2.84,30.9,28.86, gov.rw, statistics.gov.rw, , ,,,,,,,,,,,,,,,,,
KN, KNA,659, SC, Saint Kitts and Nevis, Saint Kitts and Nevis, Saint Kitts and Nevis, Saint Kitts and Nevis, Saint Kitts and Nevis, Saint Kitts and Nevis, Saint Kitts and Nevis, Saint Kitts and Nevis, Federation of Saint Kitts and Nevis, Federation of Saint Kitts and Nevis, Saint Kitts and Nevis, St Kitts and Nevis, St Kitts and Nevis, Federation of Saint Christopher and Nevis, Saint Cristopher e Nevis, Saint Cristopher e Nevis, Federazione di Saint Cristopher e Nevis, Saint Kittsi ja Nevise Föderatsioon, ,1, Basseterre, Basseterre,17.3,-62.71666667,17.31,-62.7, NA, CA,19,29, en,50726,2012, Kittitian(s)/Nevisian(s), Kittitian/Nevisian,1, ,261, ,261,17.33333333,-62.75,17.42,17.09,-62.54,-62.87, gov.kn, , , ,,,,,,,,,,,,,,,,,
LC, LCA,662, ST, Saint Lucia, Saint Lucia, Saint Lucia, Saint Lucia, Saint Lucia, Saint Lucia, Saint Lucia, Saint Lucia, Saint Lucia, Saint Lucia, Saint Lucia, St Lucia, St Lucia, Saint Lucia, Saint Lucia, Saint Lucia, Saint Lucia, Saint Lucia, ,1, Castries, Castries,14.01666667,-61,14.02,-60.96, NA, CA,19,29, en,162178,2012, Saint Lucian(s), Saint Lucian,1, WL,606,10,616,13.88333333,-60.96666667,14.11,13.7,-60.87,-61.08, stlucia.gov.lc, stats.gov.lc, , ,,,,,,,,,,,,,,,,,
VC, VCT,670, VC, Saint Vincent and The Grenadines, Saint Vincent and The Grenadines, Saint Vincent and The Grenadines, Saint Vincent and The Grenadines, Saint Vincent and The Grenadines, Saint Vincent and the Grenadines, Saint Vincent and The Grenadines, Saint Vincent and The Grenadines, Saint Vincent and The Grenadines, Saint Vincent and The Grenadines, Saint Vincent and The Grenadines, St Vincent, St Vincent, Saint Vincent and the Grenadines, Saint Vincent e Grenadine, Saint Vincent e Grenadine, Saint Vincent e Grenadine, Saint Vincent ja Grenadiinid, ,1, Kingstown, Kingstown,13.15,-61.23333333,13.19,-61.22, NA, CA,19,29, en,103537,2012, Saint Vincentian(s)/Vincentian(s), Saint Vincentian/Vincentian,1, WV,389, ,389,13.25,-61.2,13.386,12.578,-61.113,-61.47, gov.vc, , , ,,,,,,,,,,,,,,,,,
WS, WSM,882, WS, Samoa, Samoa, Samoa, Samoa, Samoa, the Independent State of Samoa, Samoa, Samoa, Independent State of Samoa, Samoa, Malo Sa'oloto Tuto'atasi o Samoa, Samoa, Samoa, Independent State of Samoa, Samoa, Samoa, Stato indipendente di Samoa, Samoa Iseseisvusriik, ,1, Apia, Apia,-13.83333333,-171.7333333,-13.85,-171.79, OC, ,9,61, sm,194320,2012, Samoan(s), Samoan,685, WS,2821,10,2831,-13.58333333,-172.3333333,-13.44,-14.07,-171.4,-172.83, govt.ws, sbs.gov.ws, , ,,,,,,,,,,,,,,,,,
ST, STP,678, TP, Sao Tome and Principe, Sao Tome and Principe, Sao Tome and Principe, Sao Tome and Principe, Sao Tome and Principe, the Democratic Republic of Sao Tome and Principe, Sao Tome and Principe, Sao Tome and Principe, Democratic Republic of Sao Tome and Principe, Sao Tome e Principe, Republica Democratica de Sao Tome e Principe, Sao Tome and Principe, Sao Tome and Principe, Democratic Republic of Sao Tome and Principe, São Tomé e Príncipe, São Tomé e Príncipe, Repubblica democratica di São Tomé e Príncipe, São Tomé ja Príncipe Demokraatlik Vabariik, ,1, Sao Tome, Sao Tome,0.2,6.65,0.35,6.75, AF, ,2,17, pt,183176,2012, Sao Tomean(s), Sao Tomean(s),239, ,964, ,964,1,7,1.7,-0.01,7.46,6.46, gov.st, ine.st, , ,,,,,,,,,,,,,,,,,
SA, SAU,682, SA, Saudi Arabia, Saudi Arabia, Saudi Arabia, Saudi Arabia, Saudi Arabia, the Kingdom of Saudi Arabia, Saudi Arabia, Saudi Arabia, Kingdom of Saudi Arabia, Al Arabiyah as Suudiyah, Al Mamlakah al Arabiyah as Suudiyah, Saudi Arabia, Saudi Arabia, Kingdom of Saudi Arabia, Arabia Saudita, Arabia Saudita, Regno dell'Arabia Saudita, Saudi Araabia Kuningriik, ,1, Riyadh, Riyadh,24.63333333,46.71666667,24.58,46.71, AS, ME,142,145, ar,26534504,2012, Saudi(s), Saudi/Saudi Arabian,966, SA,2149690, ,2149690,25,45,32.15,15.66,55.67,34.5, saudi.gov.sa, cdsi.gov.sa, , sp.com.sa,,,,,,,,,,,,,,,,,
SN, SEN,686, SG, Senegal, Senegal, Senegal, Senegal, Senegal, the Republic of Senegal, Senegal, Senegal, Republic of Senegal, Senegal, Republique du Senegal, Senegal, Senegal, Republic of Senegal, Senegal, Senegal, Repubblica del Senegal, Senegali Vabariik, ,1, Dakar, Dakar,24.63333333,46.71666667,14.73,-17.49, AF, ,2,11, fr,12969606,2012, Senegalese, Senegalese,221, SN,192530,4192,196722,14,-14,16.69,12.31,-11.35,-17.53, gouv.sn, ansd.sn, , laposte.sn/codepostal,,,,,,,,,,,,,,,,,
RS, SRB,688, RI, Serbia, Serbia, Serbia, Serbia, Serbia, the Republic of Serbia, Serbia, Serbia, Republic of Serbia, Srbija, Republika Srbija, Serbia, Serbia, Republic of Serbia, la Serbia, Serbia, la Repubblica di Serbia, Serbia Vabariik, ,1, Belgrade, Belgrade,44.83333333,20.5,44.72,20.54, EU, ,150,39, sr,7276604,2012, Serb(s), Serbian,381, SRB,77474, ,77474,44,21,46.2,41.84,23.02,18.82, srbija.gov.rs, , , posta.rs,,,,,,,,,,,,,,,,,
SC, SYC,690, SE, Seychelles, Seychelles, Seychelles, Seychelles, Seychelles, the Republic of Seychelles, Seychelles, Seychelles, Republic of Seychelles, Seychelles, Republic of Seychelles, Seychelles, Seychelles, Republic of Seychelles, Seychelles, Seychelles, Repubblica delle Seicelle, Seišelli Vabariik, ,1, Victoria, Victoria,-4.633333333,55.45,-4.66,55.42, AF, ,2,14, en,90024,2012, Seychellois, Seychellois,248, SY,455, ,455,-4.583333333,55.66666667,-4.28,-10.2,56.3,46.2, egov.sc, nsb.gov.sc, , ,,,,,,,,,,,,,,,,,
SL, SLE,694, SL, Sierra Leone, Sierra Leone, Sierra Leone, Sierra Leone, Sierra Leone, the Republic of Sierra Leone, Sierra Leone, Sierra Leone, Republic of Sierra Leone, Sierra Leone, Republic of Sierra Leone, Sierra Leone, Sierra Leone, Republic of Sierra Leone, Sierra Leone, Sierra Leone, Repubblica di Sierra Leone, Sierra Leone Vabariik, ,1, Freetown, Freetown,8.5,-13.25,8.44,-13.2, AF, ,2,11, en,5485998,2012, Sierra Leonean(s), Sierra Leonean,232, WAL,71620,120,71740,8.5,-11.5,9.99,6.94,-10.28,-13.3, statehouse.gov.sl, statistics.sl, , ,,,,,,,,,,,,,,,,,
SG, SGP,702, SN, Singapore, Singapore, Singapore, Singapore, Singapore, the Republic of Singapore, Singapore, Singapore, Republic of Singapore, Singapore, Republic of Singapore, Singapore, Singapore, Republic of Singapore, Singapore, Singapore, Repubblica di Singapore, Singapuri Vabariik, ,1, Singapore, Singapore,1.283333333,103.85,1.29,103.86, AS, ,142,35," cmn,en,ms",5353494,2012, Singaporean(s), Singapore,65, SGP,687,10,697,1.366666667,103.8,1.474,1.197,104.041,103.608, gov.sg, singstat.gov.sg, , singpost.com.sg,,,,,,,,,,,,,,,,,
SK, SVK,703, LO, Slovakia, Slovakia, Slovakia, Slovakia, Slovakia, the Slovenska Republika, Slovakia, Slovakia, Republic of Slovakia, Slovensko, Slovenska Republika, Slovakia, Slovakia, Slovak Republic, Slovacchia, Slovacchia, Repubblica slovacca, Slovaki Vabariik, ,1, Bratislava, Bratislava,48.15,17.11666667,48.13,17.15, EU, ,150,151, sk,5483088,2012, Slovak(s), Slovak,421, SK,48105,930,49035,48.66666667,19.5,49.6,47.73,22.57,16.84, government.gov.sk, portal.statistics.sk, , slposta.sk,,,,,,,,,,,,,,,,,
SI, SVN,705, SI, Slovenia, Slovenia, Slovenia, Slovenia, Slovénie, the Republic of Slovenia, Slovenia, Slovenia, Republic of Slovenia, Slovenija, Republika Slovenija, Slovenia, Slovenia, Republic of Slovenia, Slovenia, Slovenia, Repubblica di Slovenia, , ,1, Ljubljana, Ljubljana,46.05,14.51666667,46.05,14.55, EU, ,150,39," sl,it,hu",1996617,2012, Slovene(s), Slovenian,386, SLO,20151,122,20273,46.11666667,14.81666667,46.88,45.42,16.61,13.38, gov.si, stat.si, , posta.si,,,,,,,,,,,,,,,,,
SB, SLB,90, BP, Solomon Islands, Solomon Islands, Solomon Islands, Solomon Islands, Solomon Islands, Solomon Islands, Solomon Islands, Solomon Islands, Solomon Islands, Solomon Islands, Solomon Islands, Solomon Islands, Solomon Islands, Solomon Islands, Isole Salomone, Isole Salomone, Isole Salomone, Saalomoni Saared, ,1, Honiara, Honiara,-9.433333333,159.95,-9.53,159.98, OC, ,9,54, en,584578,2012, Solomon Islander(s), Solomon Islander,677, ,27986,910,28896,-8,159,-5.42,-12.29,168.83,155.51, pmc.gov.sb, spc.int/prism/country/sb/stats, , ,,,,,,,,,,,,,,,,,
ZA, ZAF,710, SF, South Africa, South Africa, South Africa, South Africa, South Africa, Republic of South Africa (the), South Africa, South Africa, Republic of South Africa, South Africa, Republic of South Africa, South Africa, South Africa, Republic of South Africa, Sudafrica, Sudafrica, Repubblica del Sudafrica, Lõuna-Aafrika Vabariik, ,1, Pretoria, Pretoria,-25.7,28.21666667,-25.72,28.25, AF, ,2,18," xh,zu,af,nso,en",48810427,2012, South African(s), South African,27, ZA,1214470,4620,1219090,-29,24,-22.13,-54.47,38,3.33, gov.za, statssa.gov.za, sagns.dac.gov.za, sapo.co.za,,,,,,,,,,,,,,,,,
ES, ESP,724, SP, Spain, Spain, Spain, Spain, Spain, the Kingdom of Spain, Spain, Spain, Kingdom of Spain, Espana, Reino de Espana, Spain, Spain, Kingdom of Spain, Spagna, Spagna, Regno di Spagna, Hispaania Kuningriik, ,1, Madrid, Madrid,40.4,-3.683333333,40.45,-3.68, EU, ,150,39, es,47042984,2012, Spaniard(s), Spanish,34, E,498980,6390,505370,40,-4,43.79,27.64,4.33,-18.17, lamoncloa.gob.es, ine.es, , correos.es,,,,,,,,,,,,,,,,,
LK, LKA,144, CE, Sri Lanka, Sri Lanka, Sri Lanka, Sri Lanka, Sri Lanka, the Democratic Socialist Republic of Sri Lanka, Sri Lanka, Sri Lanka, Democratic Socialist Republic of Sri Lanka, Shri Lamka[si]/Ilankai[ta], Shri Lamka Prajatantrika Samajaya di Janarajaya[si]/Ilankai Jananayaka Choshalichak Kutiyarachu[ta], Sri Lanka, Sri Lanka, Democratic Socialist Republic of Sri Lanka, Sri Lanka, Sri Lanka, Repubblica democratica socialista di Sri Lanka, Sri Lanka Demokraatlik Sotsialistlik Vabariik, ,1, Colombo, Colombo,6.933333333,79.85,6.9,79.91, AS, ,142,34, si,21481334,2012, Sri Lankan(s), Sri Lankan,94, CL,64630,980,65610,7,81,9.83,5.91,81.88,79.65, priu.gov.lk, statistics.gov.lk, , ,,,,,,,,,,,,,,,,,
SD, SDN,729, SU, Sudan, Sudan, Sudan, Sudan, Sudan (the), the Republic of the Sudan, Sudan, Sudan, Republic of the Sudan, As-Sudan, Jumhuriyat as-Sudan, Sudan, Sudan, Republic of the Sudan, Sudan, Sudan, Repubblica del Sudan, Sudaani Vabariik, ,1, Khartoum, Khartoum,15.6,32.53333333,15.56,32.56, AF, ,2,15," ar,en",34206710,2012, Sudanese, Sudanese,249, SUD,1861484, ,1861484,15,30,22.22,3.49,38.57,21.84, sudan.gov.sd, cbs.gov.sd, , ,,,,,,,,,,,,,,,,,
SR, SUR,740, NS, Suriname, Suriname, Suriname, Suriname, Suriname, the Republic of Suriname, Suriname, Suriname, Republic of Suriname, Suriname, Republiek Suriname, Surinam, Surinam, Republic of Suriname, Suriname, Suriname, Repubblica di Suriname, Suriname Vabariik, ,1, Paramaribo, Paramaribo,5.833333333,-55.16666667,5.83,-55.2, SA, ,19,5, nl,560157,2012, Surinamer(s), Surinamese,597, SME,156000,7820,163820,4,-56,6.02,1.84,-53.98,-58.08, , statistics-suriname.org, gov.sr, ,,,,,,,,,,,,,,,,,
SZ, SWZ,748, WZ, Swaziland, Swaziland, Swaziland, Swaziland, Swaziland, the Kingdom of Swaziland, Swaziland, Swaziland, Kingdom of Swaziland, eSwatini, Umbuso weSwatini, Swaziland, Swaziland, Kingdom of Swaziland, Swaziland, Swaziland, Regno dello Swaziland, Svaasimaa Kuningriik, ,1, Mbabane, Mbabane,-26.3,31.1,-26.36,31.15, AF, ,2,18," en,ss",1386914,2012, Swazi(s), Swazi,268, SD,17204,160,17364,-26.5,31.5,-25.72,-27.32,32.14,30.79, gov.sz, gov.sz, , sptc.co.sz,,,,,,,,,,,,,,,,,
SE, SWE,752, SW, Sweden, Sweden, Sweden, Sweden, Sweden, the Kingdom of Sweden, Sweden, Sweden, Kingdom of Sweden, Sverige, Konungariket Sverige, Sweden, Sweden, Kingdom of Sweden, Svezia, Svezia, Regno di Svezia, Rootsi Kuningriik, ,1, Stockholm, Stockholm,59.33333333,18.05,59.33,18.06, EU, ,150,154, sv,9103788,2012, Swede(s), Swedish,46, S,410335,39960,450295,62,15,69.06,55.34,24.16,10.98, sweden.gov.se, scb.se, sna.se, posten.se,,,,,,,,,,,,,,,,,
CH, CHE,756, SZ, Switzerland, Switzerland, Switzerland, Switzerland, Switzerland, the Confederation of Switzerland, Switzerland, Switzerland, Confederation of Switzerland, Schweiz[de]/Svizzera[it]/Suisse[fr]/Svizra[rm], Schweizerische Eidgenossenschaft[de]/Confederation Suisse[fr]/Confederazione Svizzera[it]/Confederaziun Svizra[rm], Switzerland, Switzerland, Swiss Confederation, Svizzera, Svizzera, Confederazione svizzera, Šveitsi Konföderatsioon, ,1, Bern, Berne,46.95,7.433333333,46.92,7.48, EU, ,150,155," de,fr,it",7655628,2012, Swiss, Swiss,41, CH,39997,1280,41277,47,8,47.8,45.82,10.49,5.97, gov.ch, bfs.admin.ch, swisstopo.admin.ch, poste.ch,,,,,,,,,,,,,,,,,
SY, SYR,760, SY, Syrian Arab Republic, Syrian Arab Republic, Syrian Arab Republic, Syrian Arab Republic, Syrian Arab Republic (the), the Syrian Arab Republic, Syria, Syria, Syrian Arab Republic, Suriyah, Al Jumhuriyah al Arabiyah as Suriyah, Syria, Syria, Syrian Arab Republic, Siria, Siria, Repubblica araba siriana, Süüria Araabia Vabariik, ,1, Damascus, Damascus,33.5,36.3,33.5,36.29, AS, ME,142,145, ar,22530746,2012, Syrian(s), Syrian,963, SYR,183630,1550,185180,35,38,37.32,32.31,42.37,35.61, , cbssyr.org, , ,,,,,,,,,,,,,,,,,
TJ, TJK,762, TI, Tajikistan, Tajikistan, Tajikistan, Tajikistan, Tajikistan, the Republic of Tajikistan, Tajikistan, Tajikistan, Republic of Tajikistan, Tojikiston, Jumhurii Tojikiston, Tajikistan, Tajikistan, Republic of Tajikistan, Tagikistan, Tagikistan, Repubblica del Tagikistan, Tadžikistani Vabariik, ,1, Dushanbe, Dushanbe,38.58333333,68.8,38.6,68.79, AS, ,142,143, tg,7768385,2012, Tajikistani(s), Tajikistani,992, TJ,141510,2590,143100,39,71,41.04,36.67,75.14,67.39, , stat.tj/english/home.htm, , ,,,,,,,,,,,,,,,,,
TZ, TZA,834, TZ, Tanzania (United Republic of), United Republic of Tanzania," Tanzania, United Republic of", United Republic of Tanzania, United Republic of Tanzania (the), the United Republic of Tanzania, Tanzania, Tanzania, United Republic of Tanzania, Tanzania, Jamhuri ya Muungano wa Tanzania, Tanzania, Tanzania, United Republic of Tanzania, Repubblica unita di Tanzania, Repubblica unita di Tanzania, Repubblica unita di Tanzania, Tansaania Ühendvabariik, ,1, Dar es Salaam, Dodoma,-6.8,39.28333333,-6.16,35.75, AF, ,2,14," sw,en",43601796,2012, Tanzanian(s), Tanzanian,255, EAT,885800,61500,947300,-6,35,-0.99,-11.75,40.45,29.33, tanzania.go.tz, tanzania.go.tz/statistics.html, , ,,,,,,,,,,,,,,,,,
TH, THA,764, TH, Thailand, Thailand, Thailand, Thailand, Thailand, the Kingdom of Thailand, Thailand, Thailand, Kingdom of Thailand, Prathet Thai, Ratcha Anachak Thai, Thailand, Thailand, Kingdom of Thailand, Thailandia, Thailandia, Regno di Thailandia, Tai Kuningriik, ,1, Bangkok, Bangkok,13.75,100.5166667,13.72,100.58, AS, ,142,35, th,67091089,2012, Thai, Thai,66, T,510890,2230,513120,15,100,20.47,5.61,105.64,97.35, egov.go.th, web.nso.go.th, rtsd.mi.th, thailandpost.com,,,,,,,,,,,,,,,,,
MK, MKD,807, MK, The Former Yugoslav Republic of Macedonia, The Former Yugoslav Republic of Macedonia," Macedonia, The Former Yugoslav Republic of", The Former Yugoslav Republic of Macedonia," Macédoine, L'Ex-République yougoslave de", L'Ex-République yougoslave de Macédoine, ex República Yugoslava de Macedonia, The former Yugoslav Republic of Macedonia, The former Yugoslav Republic of Macedonia, ex-République yougoslave de Macédoine (l'), l'ex-République yougoslave de Macédoine, ex República Yugoslava de Macedonia (la), la ex República Yugoslava de Macedonia, бывшая югославская Республика Македония, бывшая югославская Республика Македония, , Poranešna Jugoslovenska Republika Makedonija, Macedonia, Macedonia, Republic of Macedonia, Makedonija, Republika Makedonija, Macedonia, Macedonia, Republic of Macedonia., L'ex Repubblica jugoslava di Macedonia, L'ex Repubblica jugoslava di Macedonia, L'ex Repubblica jugoslava di Macedonia, Makedoonia, Makedoonia Vabariik, TFYR of Macedonia,1, Skopje, Skopje, Skopje, Skopje, Skopie, Скопье, Skopje,42,21.43333333,42,21.51, EU, ,150,39," mk,sq",2082370,2012, Macedonian(s), Macedonian,389, MK,25433,280,25713,41.83333333,22,42.37,40.85,23.03,20.46, vlada.mk, stat.gov.mk, , mp.com.mk
TL, TLS,626, TT, Timor-Leste, Timor-Leste, Timor-Leste, Timor-Leste, Timor-Leste, the Democratic Republic of Timor-Leste, Timor-Leste, Timor-Leste, Democratic Republic of Timor-Leste, Timor Lorosa'e[tet]/Timor-Leste[pt], Republika Demokratika Timor Lorosa'e[tet]/Republica Democratica de Timor-Leste (a)[pt], East Timor, East Timor, Democratic Republic of Timor-Leste, Timor-Leste, Timor-Leste, Repubblica democratica di Timor-Leste, Timor-Leste Demokraatlik Vabariik, ,1, Dili, Dili,-8.583333333,125.6,-8.65,125.6, AS, ,142,35," tet,pt",1201255,2012, Timorese, Timorese,670, ,14874, ,14874,-8.833333333,125.9166667,-8.3,-9.5,127.35,124.05, timor-leste.gov.tl, dne.mof.gov.tl, , ,,,,,,,,,,,,,,,,,
TG, TGO,768, TO, Togo, Togo, Togo, Togo, Togo, the Togolese Republic, Togo, Togo, Togolese Republic, Togo, Republique Togolaise, Togo, Togo, Togolese Republic, Togo, Togo, Repubblica del Togo, Togo Vabariik, ,1, Lome, Lomé,6.133333333,1.216666667,6.15,1.24, AF, ,2,11, fr,6961049,2012, Togolese, Togolese,229, TG,54385,2400,56785,8,1.166666667,11.15,6.1,1.8,-0.15, republicoftogo.com, stat-togo.org, , ,,,,,,,,,,,,,,,,,
TO, TON,776, TN, Tonga, Tonga, Tonga, Tonga, Tonga, the Kingdom of Tonga, Tonga, Tonga, Kingdom of Tonga, Tonga, Pule'anga Tonga, Tonga, Tonga, Kingdom of Tonga, Tonga, Tonga, Regno di Tonga, Tonga Kuningriik, ,1, Nuku'alofa, Nuku'alofa,-21.13333333,-175.2,-21.13,-175.22, OC, ,9,61," to,en",106146,2012, Tongan(s), Tongan,676, ,717,30,747,-20,-175,-15.56,-22.34,-173.7,-176.22, pmo.gov.to, spc.int/prism/Country/TO/stats/, , ,,,,,,,,,,,,,,,,,
TT, TTO,780, TD, Trinidad and Tobago, Trinidad and Tobago, Trinidad and Tobago, Trinidad and Tobago, Trinidad and Tobago, the Republic of Trinidad and Tobago, Trinidad and Tobago, Trinidad and Tobago, Republic of Trinidad and Tobago, Trinidad and Tobago, Republic of Trinidad and Tobago, Trinidad and Tobago, Trinidad and Tobago, Republic of Trinidad and Tobago, Trinidad e Tobago, Trinidad e Tobago, Repubblica di Trinidad e Tobago, Trinidadi ja Tobago Vabariik, ,1, Port-of-Spain, Port of Spain,10.65,-61.51666667,10.7,-61.47, NA, CA,19,29, en,1226383,2012, Trinidadian(s)/Tobagonian(s), Trinidadian/Tobagonian,1, TT,5128, ,5128,11,-61,11.35,10.04,-60.52,-61.93, gov.tt, cso.gov.tt, , ,,,,,,,,,,,,,,,,,
TN, TUN,788, TS, Tunisia, Tunisia, Tunisia, Tunisia, Tunisia, the Republic of Tunisia, Tunisia, Tunisia, Tunisian Republic, Tunis, Al Jumhuriyah at Tunisiyah, Tunisia, Tunisia, Tunisian Republic, Tunisia, Tunisia, Repubblica tunisina, Tuneesia Vabariik, ,1, Tunis, Tunis,36.8,10.18333333,36.79,10.15, AF, ,2,15, ar,10732900,2012, Tunisian(s), Tunisian,216, TN,155360,8250,163610,34,9,37.54,30.24,11.59,7.52, tunisie.gov.tn, ins.nat.tn, , poste.tn,,,,,,,,,,,,,,,,,
TR, TUR,792, TU, Turkey, Turkey, Turkey, Turkey, Turkey, the Republic of Turkey, Turkey, Turkey, Republic of Turkey, Turkiye, Turkiye Cumhuriyeti, Turkey, Turkey, Republic of Turkey, Turchia, Turchia, Repubblica di Turchia, Türgi Vabariik, ,1, Ankara, Ankara,39.93333333,32.86666667,39.91,32.79, AS, ME,142,145, tr,79749461,2012, Turk(s), Turkish,90, TR,769632,13930,783562,39,35,42.1,35.82,44.82,25.66, , turkstat.gov.tr/Start.do, , ptt.gov.tr,,,,,,,,,,,,,,,,,
TM, TKM,795, TX, Turkmenistan, Turkmenistan, Turkmenistan, Turkmenistan, Turkmenistan, Turkmenistan, Turkmenistan, Turkmenistan, Turkmenistan, Turkmenistan, Turkmenistan, Turkmenistan, Turkmenistan, Turkmenistan, Turkmenistan, Turkmenistan, Repubblica di Turkmenistan, Türkmenistan, ,1, Ashgabat, Ashgabat,37.95,58.38333333,37.92,58.41, AS, ,142,143, tk,5054828,2012, Turkmen(s), Turkmen,993, TM,469930,18170,488100,40,60,42.8,35.14,66.68,52.44, turkmenistan.gov.tm, stat.gov.tm, , ,,,,,,,,,,,,,,,,,
UG, UGA,800, UG, Uganda, Uganda, Uganda, Uganda, Uganda, the Republic of Uganda, Uganda, Uganda, Republic of Uganda, Uganda, Republic of Uganda, Uganda, Uganda, Republic of Uganda, Uganda, Uganda, Repubblica dell'Uganda, Uganda Vabariik, ,1, Kampala, Kampala,0.316666667,32.41666667,0.32,32.6, AF, ,2,14, en,35873253,2012, Ugandan(s), Ugandan,256, EAU,197100,43938,241038,1,32,4.22,-1.48,35.04,29.57, , ubos.org, , ,,,,,,,,,,,,,,,,,
UA, UKR,804, UP, Ukraine, Ukraine, Ukraine, Ukraine, Ukraine, Ukraine, Ukraine, Ukraine, Ukraine, Ukrayina, Ukrayina, Ukraine, Ukraine, Ukraine, Ucraina, Ucraina, Ucraina, Ukraina, ,1, Kyiv/Kiev, Kiev,50.43333333,30.51666667,50.38,30.53, EU, ,150,151, uk,44854065,2012, Ukrainian(s), Ukrainian,380, UA,579330,24220,603550,49,32,52.38,44.38,40.22,22.16, kmu.gov.ua, ukrstat.gov.ua, , ukrposhta.com,,,,,,,,,,,,,,,,,
AE, ARE,784, AE, United Arab Emirates, United Arab Emirates, United Arab Emirates, United Arab Emirates, United Arab Emirates (the), the United Arab Emirates, United Arab Emirates, United Arab Emirates, United Arab Emirates, Al Imarat al Arabiyah al Muttahidah, Al Imarat al Arabiyah al Muttahidah, United Arab Emirates, United Arab Emirates, United Arab Emirates, Emirati arabi uniti, Emirati arabi uniti, Emirati arabi uniti, Araabia Ühendemiraadid, UAE,1, Araabia Ühendemiraadid, Abu Dhabi,24.46666667,54.36666667,24.44,54.39, AS, ME,142,145, ar,5314317,2012, Emirati(s), Emirati,971, UAE,83600, ,83600,24,54,26.28,22.62,56.38,51.53, , economy.ae, , emiratespost.com,,,,,,,,,,,,,,,,,
GB, GBR,826, UK, United Kingdom, United Kingdom, United Kingdom, United Kingdom, United Kingdom of Great Britain and Northern Ireland (the), the United Kingdom of Great Britain and Northern Ireland, United Kingdom, United Kingdom, United Kingdom of Great Britain and Northern Ireland, United Kingdom, United Kingdom of Great Britain and Northern Ireland, United Kingdom, United Kingdom, United Kingdom of Great Britain and Northern Ireland, Regno Unito, Regno Unito, Regno Unito di Gran Bretagna e Irlanda del Nord, Suurbritannia ja Põhja-Iiri Ühendkuningriik, ,1, London, London,51.5,-0.166666667,51.58,-0.13, EU, ,150,154," en,cy,ga",63047162,2012, Briton(s), British,44, GB,241930,1680,243610,54,-2,60.84,49.9,1.77,-8.62, direct.gov.uk, statistics.gov.uk, pcgn.org.uk, royalmail.com,,,,,,,,,,,,,,,,,
US, USA,840, US, United States, United States, United States, United States, United States of America (the), the United States of America, United States, United States, United States of America, United States, United States of America, United States, United States, United States of America, Stati Uniti d'America, Stati Uniti d'America, Stati Uniti d'America, Ameerika Ühendriigid, ,1," Washington, D.C."," Washington, D.C.",38.88333333,-77.03333333,38.82,-76.91, NA, ,19,21, en,313847465,2012, American(s), American,1, USA,9161966,664709,9826675,38,-97,71.39,5.87,-66.9,-180, us.gov, census.gov, usgs.gov, usps.com,,,,,,,,,,,,,,,,,
UY, URY,858, UY, Uruguay, Uruguay, Uruguay, Uruguay, Uruguay, the Eastern Republic of Uruguay, Uruguay, Uruguay, Oriental Republic of Uruguay, Uruguay, Republica Oriental del Uruguay, Uruguay, Uruguay, Oriental Republic of Uruguay, Uruguay, Uruguay, Repubblica orientale dell'Uruguay, Uruguay Idavabariik, ,1, Montevideo, Montevideo,-34.88333333,-56.18333333,-34.86,-56.2, SA, ,19,5, es,3316328,2012, Uruguayan(s), Uruguayan,598, ROU,175015,1200,176215,-33,-56,-30.08,-34.98,-53.07,-58.44, presidencia.gub.uy, ine.gub.uy, , correo.com.uy,,,,,,,,,,,,,,,,,
UZ, UZB,860, UZ, Uzbekistan, Uzbekistan, Uzbekistan, Uzbekistan, Uzbekistan, the Republic of Uzbekistan, Uzbekistan, Uzbekistan, Republic of Uzbekistan, Ozbekiston, Ozbekiston Respublikasi, Uzbekistan, Uzbekistan, Republic of Uzbekistan, Uzbekistan, Uzbekistan, Repubblica dell'Uzbekistan, Usbekistani Vabariik, ,1, Tashkent, Tashkent,41.33333333,69.3,41.24,69.3, AS, ,142,143, uz,28394180,2012, Uzbekistani, Uzbekistani,998, UZ,425400,22000,447400,41,64,45.61,37.18,73.13,56, gov.uz, stat.uz, , ,,,,,,,,,,,,,,,,,
VU, VUT,548, NH, Vanuatu, Vanuatu, Vanuatu, Vanuatu, Vanuatu, the Republic of Vanuatu, Vanuatu, Vanuatu, Republic of Vanuatu, Vanuatu, Ripablik blong Vanuatu, Vanuatu, Vanuatu, Republic of Vanuatu, Vanuatu, Vanuatu, Repubblica di Vanuatu, Vanuatu Vabariik, ,1, Port Vila, Port Vila,-17.73333333,168.3166667,-17.72,168.36, OC, ,9,54," en,fr",227574,2012, Ni-Vanuatu, Ni-Vanuatu,678, ,12189, ,12189,-16,167,-13.07,-20.25,170.21,166.52, governmentofvanuatu.gov.vu, vnso.gov.vu, , vanuatupost.vu,,,,,,,,,,,,,,,,,
VE, VEN,862, VE, Venezuela (Bolivarian Republic of), Bolivarian Republic of Venezuela," Venezuela, Bolivarian Republic of", Bolivarian Republic of Venezuela, Venezuela (Bolivarian Republic of), the Bolivarian Republic of Venezuela, Venezuela, Venezuela, Bolivarian Republic of Venezuela, Venezuela, Republica Bolivariana de Venezuela, Venezuela, Venezuela, Bolivarian Republic of Venezuela, Venezuela (Repubblica bolivariana di), Venezuela (Repubblica bolivariana di), Repubblica bolivariana di Venezuela, Venezuela Bolívari Vabariik, ,1, Caracas, Caracas,10.5,-66.93333333,10.47,-66.9, SA, ,19,5, es,28047938,2012, Venezuelan(s), Venezuelan,58, YV,882050,30000,912050,8,-66,12.2,0.74,-59.81,-73.37, presidencia.gob.ve, ine.gov.ve, igvsb.gov.ve, ipostel.gov.ve,,,,,,,,,,,,,,,,,
VN, VNM,704, VM, Viet Nam, Viet Nam, Viet Nam, Viet Nam, Viet Nam, the Socialist Republic of Vietnam, Vietnam, Vietnam, Socialist Republic of Vietnam, Viet Nam, Cong Hoa Xa Hoi Chu Nghia Viet Nam, Vietnam, Vietnam, Socialist Republic of Vietnam, Vietnam, Vietnam, Repubblica socialista del Vietnam, Vietnami Sotsialistlik Vabariik, ,1, Hanoi, Hanoi,21.03333333,105.85,21.01,105.8, AS, ,142,35, vi,91519289,2012, Vietnamese, Vietnamese,84, VN,310070,21140,331210,16.16666667,107.8333333,23.39,8.42,109.47,102.15, chinhphu.vn, gso.gov.vn, , ,,,,,,,,,,,,,,,,,
YE, YEM,887, YM, Yemen, Yemen, Yemen, Yemen, Yemen, the Republic of Yemen, Yemen, Yemen, Republic of Yemen, Al Yaman, Al Jumhuriyah al Yamaniyah, Yemen, Yemen, Republic of Yemen, Yemen, Yemen, Repubblica dello Yemen, Jeemeni Vabariik, ,1, Sanaa, Sana'a,15.35,44.2,15.4,44.19, AS, ME,142,143, ar,24771809,2012, Yemeni(s), Yemeni,967, YAR,527968, ,527968,15,48,19,12.11,54.54,41.82, , cso-yemen.org, , ,,,,,,,,,,,,,,,,,
ZM, ZMB,894, ZA, Zambia, Zambia, Zambia, Zambia, Zambia, the Republic of Zambia, Zambia, Zambia, Republic of Zambia, Zambia, Republic of Zambia, Zambia, Zambia, Republic of Zambia, Zambia, Zambia, Repubblica dello Zambia, Sambia Vabariik, ,1, Lusaka, Lusaka,-15.41666667,28.28333333,-15.4,28.31, AF, ,2,14," bem,ny,tog,loz,luo,kqn,en,lue",14309466,2012, Zambian(s), Zambian,260, RNR,743398,9220,752618,-15,30,-8.22,-18.08,33.7,22, statehouse.gov.zm, zamstats.gov.zm, , ,,,,,,,,,,,,,,,,,
ZW, ZWE,716, ZI, Zimbabwe, Zimbabwe, Zimbabwe, Zimbabwe, Zimbabwe, the Republic of Zimbabwe, Zimbabwe, Zimbabwe, Republic of Zimbabwe, Zimbabwe, Republic of Zimbabwe, Zimbabwe, Zimbabwe, Republic of Zimbabwe, Zimbabwe, Zimbabwe, Repubblica dello Zimbabwe, Zimbabwe Vabariik, ,1, Harare, Harare,-17.83333333,31.05,-17.8,31.03, AF, ,2,14, en,12619600,2012, Zimbabwean(s), Zimbabwean,263, ZW,386847,3910,390757,-20,30,-15.61,-22.42,33.05,25.24, gta.gov.zw, , , ,,,,,,,,,,,,,,,,,
